Start at Sun Jun  7 10:47:58 2026


stratus_hls 23.02-s004  (100793.100415)
Copyright (c) 2024 Cadence Design Systems, Inc. All rights reserved worldwide.

        00481: -D is set to "__x86_64__, STRATUS=1, STRATUS_HLS=1, CYNTHESIZER,
        00481.   CYNTHHL, BASIC=1, BDW_RTL_HammingMatch_BASIC=1".
        00481: -I is set to "., bdw_work/wrappers,
        00481.   /usr/cadtool/cadence/STRATUS/STRATUS_23.02.004/share/stratus/include,
        00481.   /usr/cadtool/cadence/STRATUS/STRATUS_23.02.004/share/stratus/include,
        00481.   /usr/cadtool/cadence/STRATUS/STRATUS_23.02.004/tools.lnx86/stratus/systemc/2.3.3/include".
        00481: -U is not set.
        00481: --abort_level is set to "FATAL".
        00481: --allow_pipeline_loop_expansion is set to "on".
        00481: --attrib_value is not set.
        00481: --balance_expr is set to "off".
        00481: --cachelib is set to "on".
        00481: --cachelib_dir is not set.
        00481: --cap_table_file is not set.
        00481: --characterize_with_driver is not set.
        00481: --clock_gating_module is not set.
        00481: --clock_period is set to "10.000".
        00481: --comm_subexp_elim is set to "off".
        00481: --constrain_multiport_mem_distance is set to "on".
        00481: --cycle_slack is set to "0.000".
        00481: --default_input_delay is not set.
        00481: --default_preserve_io is set to "off".
        00481: --default_protocol is set to "off".
        00481: --default_stable_input_delay is not set.
        00481: --detect_stall_loops is set to "off".
        00481: --dont_ungroup_name is not set.
        00481: --dont_ungroup_type is set to "none".
        00481: --dpopt_auto is set to "off".
        00481: --dpopt_effort is set to "normal".
        00481: --dpopt_with_enable is set to "off".
        00481: --eco_baseline is not set.
        00481: --eco_sharing is set to "off".
        00481: --factor_expr is set to "off".
        00481: --fail_level is set to "ERROR".
        00481: --fixed_reset is set to "off".
        00481: --flatten_arrays is set to "all".
        00481: --fpga_dsp_latency is set to "2".
        00481: --fpga_dsp_min_widths is set to "12,12".
        00481: --fpga_part is not set.
        00481: --fpga_tool is not set.
        00481: --fpga_use_dsp is set to "off".
        00481: --fuse_loops is set to "on".
        00481: --global_state_encoding is set to "binary".
        00481: --help is not set.
        00481: --hls_config is set to "BASIC".
        00481: --hls_module is set to "HammingMatch".
        00481: --ignore_cells is not set.
        00481: --ignore_scan_cells is set to "off".
        00481: --inline_partial_constants is set to "off".
        00481: --interconnect_mode is set to "wireload".
        00481: --lef_library is not set.
        00481: --logfile is set to "bdw_work/modules/HammingMatch/BASIC/stratus_hls.log".
        00481: --lsb_trimming is set to "off".
        00481: --message_detail is set to "3".
        00481: --message_level is not set.
        00481: --message_log_level is set to "NOTE".
        00481: --message_suppress is not set.
        00481: --method_processing is set to "synthesize".
        00481: --mux_pushing is set to "on".
        00481: --number_of_routing_layers is not set.
        00481: --output is set to "HammingMatch_rtl.cpp".
        00481: --output_dir is set to "bdw_work/modules/HammingMatch/BASIC".
        00481: --output_style_fsm_increment is set to "on".
        00481: --output_style_mem is set to "array".
        00481: --output_style_mux is set to "impl_case".
        00481: --output_style_parts is set to "rtl".
        00481: --output_style_pipelined_parts is set to "generic".
        00481: --output_style_reset_all is set to "off".
        00481: --output_style_reset_all_async is set to "off".
        00481: --output_style_reset_all_sync is set to "off".
        00481: --output_style_separate_behaviors is set to "off".
        00481: --output_style_separate_debug is set to "off".
        00481: --output_style_separate_memories is set to "off".
        00481: --output_style_starc is set to "S2.2.2.2".
        00481: --output_style_structure_only is set to "off".
        00481: --output_style_two_part_fsm is set to "on".
        00481: --output_style_ungroup_parts is set to "on".
        00481: --output_style_verbose_names is set to "off".
        00481: --part_types_to_estimate is set to "off".
        00481: --parts_effort is set to "high".
        00481: --parts_lib is not set.
        00481: --parts_lib_path is not set.
        00481: --path_delay_limit is set to "off".
        00481: --path_delay_limit_unshare_regs is set to "on".
        00481: --pipelined_parts is set to "on".
        00481: --port_conns is set to "named".
        00481: --power is set to "off".
        00481: --power_clock_gating is set to "off".
        00481: --power_fsm is set to "off".
        00481: --power_memory is set to "off".
        00481: --power_shut_off_port is not set.
        00481: --prints is set to "off".
        00481: --project is set to "project.tcl".
        00481: --qrc_tech_file is not set.
        00481: --register_fsm_mux_selects is set to "on".
        00481: --relax_timing is set to "off".
        00481: --require_pipeline_boundary_wait is set to "on".
        00481: --rtl_annotation is set to "off".
        00481: --run_through is set to "rtl".
        00481: --scale_of_cap_per_unit_len is not set.
        00481: --scale_of_res_per_unit_len is not set.
        00481: --sched_analysis is set to "on_failure".
        00481: --sched_asap is set to "off".
        00481: --sched_effort is set to "medium".
        00481: --sched_optim_slack is set to "none".
        00481: --sharing_effort_parts is set to "high".
        00481: --sharing_effort_regs is set to "high".
        00481: --shift_trimming is set to "standard".
        00481: --simple_index_mapping is set to "off".
        00481: --split_add is set to "0".
        00481: --split_multiply is set to "0".
        00481: --src_file is set to "../HammingMatch.cpp".
        00481: --summary_level is set to "WARNING".
        00481: --switch_optimizer is set to "on".
        00481: --synthesize_asserts is set to "off".
        00481: --synthesize_probes is set to "off".
        00481: --tech_lib is set to "/usr/cadtool/cadence/STRATUS/STRATUS_23.02.004/share/stratus/techlibs/GPDK045/gsclib045_svt_v4.4/gsclib045/timing/slow_vdd1v2_basicCells.lib".
        00481: --trim_interstatement_sign is set to "on".
        00481: --undef_func is set to "warn".
        00481: --unroll_loops is set to "off".
        00481: --unsupported_lib_func is set to "error".
        00481: --verilog_dialect is set to "1995".
        00481: --wireload is not set.
   NOTE 01727: Using Genus 21.15-s080_1.

        01425: Loading design and library files:
        01279:   All time values are in "ns".
   NOTE 01277:   Using a clock period of 10.000ns.
        01824:     Physical estimation options:
        01825:       interconnect_mode .......... wireload
        01825:       techlib ....................
        01825.         /usr/cadtool/cadence/STRATUS/STRATUS_23.02.004/share/stratus/techlibs/GPDK045/gsclib045_svt_v4.4/gsclib045/timing/slow_vdd1v2_basicCells.lib
        00967:   Processing library
        02788:       Using cached results for cyn_reg_estimate
        01472:       Register Metrics:
        01440:          Register Type          Area              Delay (ns)
        01440.         --------------   -------------------   ---------------
        01440.         EN SS SC AS AC   Total   Comb    Seq     Prop    Setup
        01440.         -- -- -- -- --   -----  -----  -----   ------   ------
        01438:          0  0  0  0  0     5.5    0.0    5.5    0.114    0.066
        01438:          0  0  0  0  1     6.2    0.0    6.2    0.131    0.067
        01438:          0  0  0  1  0     6.5    0.0    6.5    0.127    0.067
        01438:          0  0  0  1  1    12.0    0.7   11.3    0.141    0.098
        01438:          0  0  1  0  0     6.8    1.4    5.5    0.114    0.123
        01438:          0  0  1  0  1     7.5    1.4    6.2    0.131    0.125
        01438:          0  0  1  1  0     7.9    1.0    6.8    0.161    0.089
        01438:          0  0  1  1  1    12.3    1.0   11.3    0.141    0.106
        01438:          0  1  0  0  0     6.8    1.4    5.5    0.114    0.104
        01438:          0  1  0  0  1     7.5    1.4    6.2    0.131    0.105
        01438:          0  1  0  1  0     7.9    1.0    6.8    0.161    0.100
        01438:          0  1  0  1  1    12.3    1.0   11.3    0.141    0.115
        01438:          0  1  1  0  0     7.5    2.1    5.5    0.114    0.147
        01438:          0  1  1  0  1     8.2    2.1    6.2    0.131    0.149
        01438:          0  1  1  1  0     8.6    1.7    6.8    0.161    0.111
        01438:          0  1  1  1  1    13.0    1.7   11.3    0.141    0.127
        01438:          1  0  0  0  0     7.5    0.0    7.5    0.112    0.122
        01438:          1  0  0  0  1     8.2    0.0    8.2    0.134    0.110
        01438:          1  0  0  1  0     8.9    2.4    6.5    0.129    0.143
        01438:          1  0  0  1  1    13.7    2.4   11.3    0.143    0.133
        01438:          1  0  1  0  0     8.9    1.4    7.5    0.112    0.177
        01438:          1  0  1  0  1     9.6    1.4    8.2    0.134    0.169
        01438:          1  0  1  1  0     9.9    1.7    8.2    0.153    0.131
        01438:          1  0  1  1  1    14.4    1.7   12.7    0.149    0.164
        01438:          1  1  0  0  0     8.9    1.4    7.5    0.112    0.158
        01438:          1  1  0  0  1     9.6    1.4    8.2    0.134    0.150
        01438:          1  1  0  1  0     9.9    1.7    8.2    0.153    0.145
        01438:          1  1  0  1  1    14.4    1.7   12.7    0.149    0.175
        01438:          1  1  1  0  0     9.6    2.1    7.5    0.112    0.202
        01438:          1  1  1  0  1    10.3    2.1    8.2    0.134    0.192
        01438:          1  1  1  1  0    10.6    2.4    8.2    0.153    0.156
        01438:          1  1  1  1  1    15.0    2.4   12.7    0.149    0.187
   NOTE 01037:     Characterizing multiplexors up to 1 bits by 33 inputs.
        02788:       Using cached results for cyn_mux_estimate
        01429:       Binary Multiplexor Metrics:
        01431:         Bitwidth    Num Inputs      Area    Delay (ns)
        01430:             1            2          2.86      0.061
        01430:             1            3          4.82      0.120
        01430:             1            4          7.23      0.120
        01430:             1            5          9.65      0.192
        01430:             1            8         16.88      0.192
        01430:             1            9         19.29      0.264
        01430:             1           16         36.17      0.264
        01430:             1           17         38.59      0.336
        01430:             1           32         74.76      0.336
        01430:             1           33         77.17      0.407
        01429:       Onehot Multiplexor Metrics:
        01431:         Bitwidth    Num Inputs      Area    Delay (ns)
        01430:             1            2          3.10      0.061
        01430:             1            3          4.22      0.095
        01430:             1            4          5.57      0.095
        01430:             1            5          6.92      0.149
        01430:             1            8         10.97      0.149
        01430:             1            9         12.32      0.204
        01430:             1           16         21.77      0.204
        01430:             1           17         23.12      0.259
        01430:             1           32         43.37      0.259
        01430:             1           33         44.72      0.313

        00148: Normalization and optimization:
   NOTE 00860:   Long int data types are being implemented with 64 bits.
        02923:   Dissolving function boundaries.
        02924:   Dissolved 428 function calls.
   NOTE 00491: at /usr/cadtool/cadence/STRATUS/STRATUS_23.02.004/share/stratus/include/cynw_p2p.h
   NOTE 00491.   line 1506 (in reset())
   NOTE 00491.     called from ../HammingMatch.cpp line 46
   NOTE 00491.   This HLS_DEFINE_PROTOCOL directive is ignored because it is
   NOTE 00491.   within another HLS_DEFINE_PROTOCOL block, starting at
   NOTE 00491.   ../HammingMatch.cpp line 46.
   NOTE 00491: at /usr/cadtool/cadence/STRATUS/STRATUS_23.02.004/share/stratus/include/cynw_p2p.h
   NOTE 00491.   line 5119 (in reset())
   NOTE 00491.     called from ../HammingMatch.cpp line 46
   NOTE 00491.   This HLS_DEFINE_PROTOCOL directive is ignored because it is
   NOTE 00491.   within another HLS_DEFINE_PROTOCOL block, starting at
   NOTE 00491.   ../HammingMatch.cpp line 46.
   NOTE 00491: at /usr/cadtool/cadence/STRATUS/STRATUS_23.02.004/share/stratus/include/cynw_comm_util.h
   NOTE 00491.   line 1400 (in reset())
   NOTE 00491.     called from /usr/cadtool/cadence/STRATUS/STRATUS_23.02.004/share/stratus/include/cynw_p2p.h
   NOTE 00491.   line 5122 (in reset())
   NOTE 00491.     called from ../HammingMatch.cpp line 46
   NOTE 00491.   This HLS_DEFINE_PROTOCOL directive is ignored because it is
   NOTE 00491.   within another HLS_DEFINE_PROTOCOL block, starting at
   NOTE 00491.   ../HammingMatch.cpp line 46.
   NOTE 00491: at /usr/cadtool/cadence/STRATUS/STRATUS_23.02.004/share/stratus/include/cynw_p2p.h
   NOTE 00491.   line 1449 (in get())
   NOTE 00491.     called from ../HammingMatch.cpp line 56
   NOTE 00491.   This HLS_DEFINE_PROTOCOL directive is ignored because it is
   NOTE 00491.   within another HLS_DEFINE_PROTOCOL block, starting at
   NOTE 00491.   ../HammingMatch.cpp line 56.
   NOTE 00491: at /usr/cadtool/cadence/STRATUS/STRATUS_23.02.004/share/stratus/include/cynw_p2p.h
   NOTE 00491.   line 1594 (in get_start())
   NOTE 00491.     called from line 1455 (in get())
   NOTE 00491.     called from ../HammingMatch.cpp line 56
   NOTE 00491.   This HLS_DEFINE_PROTOCOL directive is ignored because it is
   NOTE 00491.   within another HLS_DEFINE_PROTOCOL block, starting at
   NOTE 00491.   ../HammingMatch.cpp line 56.
   NOTE 00491: at /usr/cadtool/cadence/STRATUS/STRATUS_23.02.004/share/stratus/include/cynw_p2p.h
   NOTE 00491.   line 1636 (in set_use_stall_reg())
   NOTE 00491.     called from line 1616 (in get_start())
   NOTE 00491.     called from line 1455 (in get())
   NOTE 00491.     called from ../HammingMatch.cpp line 56
   NOTE 00491.   This HLS_DEFINE_PROTOCOL directive is ignored because it is
   NOTE 00491.   within another HLS_DEFINE_PROTOCOL block, starting at
   NOTE 00491.   ../HammingMatch.cpp line 56.
   NOTE 00491: at /usr/cadtool/cadence/STRATUS/STRATUS_23.02.004/share/stratus/include/cynw_p2p.h
   NOTE 00491.   line 1582 (in nb_can_get())
   NOTE 00491.     called from line 1476 (in get())
   NOTE 00491.     called from ../HammingMatch.cpp line 56
   NOTE 00491.   This HLS_DEFINE_PROTOCOL directive is ignored because it is
   NOTE 00491.   within another HLS_DEFINE_PROTOCOL block, starting at
   NOTE 00491.   ../HammingMatch.cpp line 56.
   NOTE 00491: at /usr/cadtool/cadence/STRATUS/STRATUS_23.02.004/share/stratus/include/cynw_p2p.h
   NOTE 00491.   line 1622 (in get_end())
   NOTE 00491.     called from line 1478 (in get())
   NOTE 00491.     called from ../HammingMatch.cpp line 56
   NOTE 00491.   This HLS_DEFINE_PROTOCOL directive is ignored because it is
   NOTE 00491.   within another HLS_DEFINE_PROTOCOL block, starting at
   NOTE 00491.   ../HammingMatch.cpp line 56.
   NOTE 00491: at /usr/cadtool/cadence/STRATUS/STRATUS_23.02.004/share/stratus/include/cynw_p2p.h
   NOTE 00491.   line 1541 (in nb_get())
   NOTE 00491.     called from line 1481 (in get())
   NOTE 00491.     called from ../HammingMatch.cpp line 56
   NOTE 00491.   This HLS_DEFINE_PROTOCOL directive is ignored because it is
   NOTE 00491.   within another HLS_DEFINE_PROTOCOL block, starting at
   NOTE 00491.   ../HammingMatch.cpp line 56.
   NOTE 00491: at /usr/cadtool/cadence/STRATUS/STRATUS_23.02.004/share/stratus/include/cynw_p2p.h
   NOTE 00491.   line 1582 (in nb_can_get())
   NOTE 00491.     called from line 1564 (in nb_get())
   NOTE 00491.     called from line 1481 (in get())
   NOTE 00491.     called from ../HammingMatch.cpp line 56
   NOTE 00491.   This HLS_DEFINE_PROTOCOL directive is ignored because it is
   NOTE 00491.   within another HLS_DEFINE_PROTOCOL block, starting at
   NOTE 00491.   ../HammingMatch.cpp line 56.
   NOTE 00491: at /usr/cadtool/cadence/STRATUS/STRATUS_23.02.004/share/stratus/include/cynw_p2p.h
   NOTE 00491.   line 1449 (in get())
   NOTE 00491.     called from ../HammingMatch.cpp line 69
   NOTE 00491.   This HLS_DEFINE_PROTOCOL directive is ignored because it is
   NOTE 00491.   within another HLS_DEFINE_PROTOCOL block, starting at
   NOTE 00491.   ../HammingMatch.cpp line 69.
   NOTE 00491: at /usr/cadtool/cadence/STRATUS/STRATUS_23.02.004/share/stratus/include/cynw_p2p.h
   NOTE 00491.   line 1594 (in get_start())
   NOTE 00491.     called from line 1455 (in get())
   NOTE 00491.     called from ../HammingMatch.cpp line 69
   NOTE 00491.   This HLS_DEFINE_PROTOCOL directive is ignored because it is
   NOTE 00491.   within another HLS_DEFINE_PROTOCOL block, starting at
   NOTE 00491.   ../HammingMatch.cpp line 69.
   NOTE 00491: at /usr/cadtool/cadence/STRATUS/STRATUS_23.02.004/share/stratus/include/cynw_p2p.h
   NOTE 00491.   line 1636 (in set_use_stall_reg())
   NOTE 00491.     called from line 1616 (in get_start())
   NOTE 00491.     called from line 1455 (in get())
   NOTE 00491.     called from ../HammingMatch.cpp line 69
   NOTE 00491.   This HLS_DEFINE_PROTOCOL directive is ignored because it is
   NOTE 00491.   within another HLS_DEFINE_PROTOCOL block, starting at
   NOTE 00491.   ../HammingMatch.cpp line 69.
   NOTE 00491: at /usr/cadtool/cadence/STRATUS/STRATUS_23.02.004/share/stratus/include/cynw_p2p.h
   NOTE 00491.   line 1582 (in nb_can_get())
   NOTE 00491.     called from line 1476 (in get())
   NOTE 00491.     called from ../HammingMatch.cpp line 69
   NOTE 00491.   This HLS_DEFINE_PROTOCOL directive is ignored because it is
   NOTE 00491.   within another HLS_DEFINE_PROTOCOL block, starting at
   NOTE 00491.   ../HammingMatch.cpp line 69.
   NOTE 00491: at /usr/cadtool/cadence/STRATUS/STRATUS_23.02.004/share/stratus/include/cynw_p2p.h
   NOTE 00491.   line 1622 (in get_end())
   NOTE 00491.     called from line 1478 (in get())
   NOTE 00491.     called from ../HammingMatch.cpp line 69
   NOTE 00491.   This HLS_DEFINE_PROTOCOL directive is ignored because it is
   NOTE 00491.   within another HLS_DEFINE_PROTOCOL block, starting at
   NOTE 00491.   ../HammingMatch.cpp line 69.
   NOTE 00491: at /usr/cadtool/cadence/STRATUS/STRATUS_23.02.004/share/stratus/include/cynw_p2p.h
   NOTE 00491.   line 1541 (in nb_get())
   NOTE 00491.     called from line 1481 (in get())
   NOTE 00491.     called from ../HammingMatch.cpp line 69
   NOTE 00491.   This HLS_DEFINE_PROTOCOL directive is ignored because it is
   NOTE 00491.   within another HLS_DEFINE_PROTOCOL block, starting at
   NOTE 00491.   ../HammingMatch.cpp line 69.
   NOTE 00491: at /usr/cadtool/cadence/STRATUS/STRATUS_23.02.004/share/stratus/include/cynw_p2p.h
   NOTE 00491.   line 1582 (in nb_can_get())
   NOTE 00491.     called from line 1564 (in nb_get())
   NOTE 00491.     called from line 1481 (in get())
   NOTE 00491.     called from ../HammingMatch.cpp line 69
   NOTE 00491.   This HLS_DEFINE_PROTOCOL directive is ignored because it is
   NOTE 00491.   within another HLS_DEFINE_PROTOCOL block, starting at
   NOTE 00491.   ../HammingMatch.cpp line 69.
   NOTE 00491: at /usr/cadtool/cadence/STRATUS/STRATUS_23.02.004/share/stratus/include/cynw_p2p.h
   NOTE 00491.   line 5059 (in put())
   NOTE 00491.     called from ../HammingMatch.cpp line 89
   NOTE 00491.   This HLS_DEFINE_PROTOCOL directive is ignored because it is
   NOTE 00491.   within another HLS_DEFINE_PROTOCOL block, starting at
   NOTE 00491.   ../HammingMatch.cpp line 89.
   NOTE 00491: at /usr/cadtool/cadence/STRATUS/STRATUS_23.02.004/share/stratus/include/cynw_p2p.h
   NOTE 00491.   line 5314 (in nb_put_work())
   NOTE 00491.     called from line 5093 (in put())
   NOTE 00491.     called from ../HammingMatch.cpp line 89
   NOTE 00491.   This HLS_DEFINE_PROTOCOL directive is ignored because it is
   NOTE 00491.   within another HLS_DEFINE_PROTOCOL block, starting at
   NOTE 00491.   ../HammingMatch.cpp line 89.
   NOTE 00491: at /usr/cadtool/cadence/STRATUS/STRATUS_23.02.004/share/stratus/include/cynw_comm_util.h
   NOTE 00491.   line 1389 (in trig())
   NOTE 00491.     called from /usr/cadtool/cadence/STRATUS/STRATUS_23.02.004/share/stratus/include/cynw_p2p.h
   NOTE 00491.   line 5331 (in nb_put_work())
   NOTE 00491.     called from line 5093 (in put())
   NOTE 00491.     called from ../HammingMatch.cpp line 89
   NOTE 00491.   This HLS_DEFINE_PROTOCOL directive is ignored because it is
   NOTE 00491.   within another HLS_DEFINE_PROTOCOL block, starting at
   NOTE 00491.   ../HammingMatch.cpp line 89.
   NOTE 00491: at /usr/cadtool/cadence/STRATUS/STRATUS_23.02.004/share/stratus/include/cynw_p2p.h
   NOTE 00491.   line 5059 (in put())
   NOTE 00491.     called from ../HammingMatch.cpp line 90
   NOTE 00491.   This HLS_DEFINE_PROTOCOL directive is ignored because it is
   NOTE 00491.   within another HLS_DEFINE_PROTOCOL block, starting at
   NOTE 00491.   ../HammingMatch.cpp line 90.
   NOTE 00491: at /usr/cadtool/cadence/STRATUS/STRATUS_23.02.004/share/stratus/include/cynw_p2p.h
   NOTE 00491.   line 5314 (in nb_put_work())
   NOTE 00491.     called from line 5093 (in put())
   NOTE 00491.     called from ../HammingMatch.cpp line 90
   NOTE 00491.   This HLS_DEFINE_PROTOCOL directive is ignored because it is
   NOTE 00491.   within another HLS_DEFINE_PROTOCOL block, starting at
   NOTE 00491.   ../HammingMatch.cpp line 90.
   NOTE 00491: at /usr/cadtool/cadence/STRATUS/STRATUS_23.02.004/share/stratus/include/cynw_comm_util.h
   NOTE 00491.   line 1389 (in trig())
   NOTE 00491.     called from /usr/cadtool/cadence/STRATUS/STRATUS_23.02.004/share/stratus/include/cynw_p2p.h
   NOTE 00491.   line 5331 (in nb_put_work())
   NOTE 00491.     called from line 5093 (in put())
   NOTE 00491.     called from ../HammingMatch.cpp line 90
   NOTE 00491.   This HLS_DEFINE_PROTOCOL directive is ignored because it is
   NOTE 00491.   within another HLS_DEFINE_PROTOCOL block, starting at
   NOTE 00491.   ../HammingMatch.cpp line 90.
   NOTE 01446:   at /usr/cadtool/cadence/STRATUS/STRATUS_23.02.004/share/stratus/include/cynw_p2p.h
   NOTE 01446.     line 1807
   NOTE 01446.     The clocked SC_METHOD 'i_train_gen_unvalidated_req' does not
   NOTE 01446.     have a 'dont_initialize()' invocation. This may lead to a
   NOTE 01446.     mismatch between the SystemC and Verilog simulation models.
   NOTE 01446:   at /usr/cadtool/cadence/STRATUS/STRATUS_23.02.004/share/stratus/include/cynw_p2p.h
   NOTE 01446.     line 1830
   NOTE 01446.     The clocked SC_METHOD 'i_train_gen_do_stall_reg' does not
   NOTE 01446.     have a 'dont_initialize()' invocation. This may lead to a
   NOTE 01446.     mismatch between the SystemC and Verilog simulation models.
   NOTE 01446:   at /usr/cadtool/cadence/STRATUS/STRATUS_23.02.004/share/stratus/include/cynw_p2p.h
   NOTE 01446.     line 1850
   NOTE 01446.     The clocked SC_METHOD 'i_train_gen_do_stall_reg_full' does
   NOTE 01446.     not have a 'dont_initialize()' invocation. This may lead to
   NOTE 01446.     a mismatch between the SystemC and Verilog simulation
   NOTE 01446.     models.
   NOTE 01446:   at /usr/cadtool/cadence/STRATUS/STRATUS_23.02.004/share/stratus/include/cynw_p2p.h
   NOTE 01446.     line 1870
   NOTE 01446.     The clocked SC_METHOD 'i_train_gen_do_reg_data' does not
   NOTE 01446.     have a 'dont_initialize()' invocation. This may lead to a
   NOTE 01446.     mismatch between the SystemC and Verilog simulation models.
   NOTE 01446:   at /usr/cadtool/cadence/STRATUS/STRATUS_23.02.004/share/stratus/include/cynw_p2p.h
   NOTE 01446.     line 1888
   NOTE 01446.     The clocked SC_METHOD 'i_train_gen_do_reg_vld' does not have
   NOTE 01446.     a 'dont_initialize()' invocation. This may lead to a
   NOTE 01446.     mismatch between the SystemC and Verilog simulation models.
   NOTE 01446:   at /usr/cadtool/cadence/STRATUS/STRATUS_23.02.004/share/stratus/include/cynw_comm_util.h
   NOTE 01446.     line 1450
   NOTE 01446.     The clocked SC_METHOD 'o_best_idx_m_req_gen_prev_trig_reg'
   NOTE 01446.     does not have a 'dont_initialize()' invocation. This may
   NOTE 01446.     lead to a mismatch between the SystemC and Verilog
   NOTE 01446.     simulation models.
   NOTE 01446:   at /usr/cadtool/cadence/STRATUS/STRATUS_23.02.004/share/stratus/include/cynw_comm_util.h
   NOTE 01446.     line 1465
   NOTE 01446.     The clocked SC_METHOD
   NOTE 01446.     'o_best_idx_m_req_gen_next_trig_req_reg' does not have a
   NOTE 01446.     'dont_initialize()' invocation. This may lead to a mismatch
   NOTE 01446.     between the SystemC and Verilog simulation models.
   NOTE 01446:   at /usr/cadtool/cadence/STRATUS/STRATUS_23.02.004/share/stratus/include/cynw_p2p.h
   NOTE 01446.     line 5202
   NOTE 01446.     The clocked SC_METHOD 'o_best_idx_gen_unacked_req' does not
   NOTE 01446.     have a 'dont_initialize()' invocation. This may lead to a
   NOTE 01446.     mismatch between the SystemC and Verilog simulation models.
        01351:   at ../HammingMatch.cpp line 41
        01351.     Preprocessing thread HammingMatch::do_match
        00116:   at /usr/cadtool/cadence/STRATUS/STRATUS_23.02.004/share/stratus/include/cynw_p2p.h
        00116.     line 1744
        00116.     Optimizing method HammingMatch::i_train_gen_busy
        00116:   at /usr/cadtool/cadence/STRATUS/STRATUS_23.02.004/share/stratus/include/cynw_p2p.h
        00116.     line 1807
        00116.     Optimizing method HammingMatch::i_train_gen_unvalidated_req
        00116:   at /usr/cadtool/cadence/STRATUS/STRATUS_23.02.004/share/stratus/include/cynw_p2p.h
        00116.     line 1912
        00116.     Optimizing method HammingMatch::i_train_gen_local_busy
        00116:   at /usr/cadtool/cadence/STRATUS/STRATUS_23.02.004/share/stratus/include/cynw_p2p.h
        00116.     line 1830
        00116.     Optimizing method HammingMatch::i_train_gen_do_stall_reg
        00116:   at /usr/cadtool/cadence/STRATUS/STRATUS_23.02.004/share/stratus/include/cynw_p2p.h
        00116.     line 1850
        00116.     Optimizing method HammingMatch::i_train_gen_do_stall_reg_full
        00116:   at /usr/cadtool/cadence/STRATUS/STRATUS_23.02.004/share/stratus/include/cynw_p2p.h
        00116.     line 1870
        00116.     Optimizing method HammingMatch::i_train_gen_do_reg_data
        00116:   at /usr/cadtool/cadence/STRATUS/STRATUS_23.02.004/share/stratus/include/cynw_p2p.h
        00116.     line 1888
        00116.     Optimizing method HammingMatch::i_train_gen_do_reg_vld
        00116:   at /usr/cadtool/cadence/STRATUS/STRATUS_23.02.004/share/stratus/include/cynw_p2p.h
        00116.     line 1744
        00116.     Optimizing method HammingMatch::i_query_gen_busy
        00116:   at /usr/cadtool/cadence/STRATUS/STRATUS_23.02.004/share/stratus/include/cynw_p2p.h
        00116.     line 1807
        00116.     Optimizing method HammingMatch::i_query_gen_unvalidated_req
        00116:   at /usr/cadtool/cadence/STRATUS/STRATUS_23.02.004/share/stratus/include/cynw_p2p.h
        00116.     line 1912
        00116.     Optimizing method HammingMatch::i_query_gen_local_busy
        00116:   at /usr/cadtool/cadence/STRATUS/STRATUS_23.02.004/share/stratus/include/cynw_p2p.h
        00116.     line 1830
        00116.     Optimizing method HammingMatch::i_query_gen_do_stall_reg
        00116:   at /usr/cadtool/cadence/STRATUS/STRATUS_23.02.004/share/stratus/include/cynw_p2p.h
        00116.     line 1850
        00116.     Optimizing method HammingMatch::i_query_gen_do_stall_reg_full
        00116:   at /usr/cadtool/cadence/STRATUS/STRATUS_23.02.004/share/stratus/include/cynw_p2p.h
        00116.     line 1870
        00116.     Optimizing method HammingMatch::i_query_gen_do_reg_data
        00116:   at /usr/cadtool/cadence/STRATUS/STRATUS_23.02.004/share/stratus/include/cynw_p2p.h
        00116.     line 1888
        00116.     Optimizing method HammingMatch::i_query_gen_do_reg_vld
        00116:   at /usr/cadtool/cadence/STRATUS/STRATUS_23.02.004/share/stratus/include/cynw_p2p.h
        00116.     line 5191
        00116.     Optimizing method HammingMatch::o_best_idx_gen_vld
        00116:   at /usr/cadtool/cadence/STRATUS/STRATUS_23.02.004/share/stratus/include/cynw_p2p.h
        00116.     line 5202
        00116.     Optimizing method HammingMatch::o_best_idx_gen_unacked_req
        00116:   at /usr/cadtool/cadence/STRATUS/STRATUS_23.02.004/share/stratus/include/cynw_p2p.h
        00116.     line 5218
        00116.     Optimizing method HammingMatch::o_best_idx_gen_stalling
        00116:   at /usr/cadtool/cadence/STRATUS/STRATUS_23.02.004/share/stratus/include/cynw_p2p.h
        00116.     line 5231
        00116.     Optimizing method HammingMatch::o_best_idx_gen_out_busy
        00116:   at /usr/cadtool/cadence/STRATUS/STRATUS_23.02.004/share/stratus/include/cynw_comm_util.h
        00116.     line 1438
        00116.     Optimizing method HammingMatch::o_best_idx_m_req_gen_active
        00116:   at /usr/cadtool/cadence/STRATUS/STRATUS_23.02.004/share/stratus/include/cynw_comm_util.h
        00116.     line 1450
        00116.     Optimizing method HammingMatch::o_best_idx_m_req_gen_prev_trig_reg
        00116:   at /usr/cadtool/cadence/STRATUS/STRATUS_23.02.004/share/stratus/include/cynw_comm_util.h
        00116.     line 1465
        00116.     Optimizing method HammingMatch::o_best_idx_m_req_gen_next_trig_req_reg
        00116:   at /usr/cadtool/cadence/STRATUS/STRATUS_23.02.004/share/stratus/include/cynw_comm_util.h
        00116.     line 1480
        00116.     Optimizing method HammingMatch::o_best_idx_m_req_gen_next_trig_reg
        00116:   at /usr/cadtool/cadence/STRATUS/STRATUS_23.02.004/share/stratus/include/cynw_p2p.h
        00116.     line 5191
        00116.     Optimizing method HammingMatch::o_min_dist_gen_vld
        00116:   at /usr/cadtool/cadence/STRATUS/STRATUS_23.02.004/share/stratus/include/cynw_p2p.h
        00116.     line 5202
        00116.     Optimizing method HammingMatch::o_min_dist_gen_unacked_req
        00116:   at /usr/cadtool/cadence/STRATUS/STRATUS_23.02.004/share/stratus/include/cynw_p2p.h
        00116.     line 5218
        00116.     Optimizing method HammingMatch::o_min_dist_gen_stalling
        00116:   at /usr/cadtool/cadence/STRATUS/STRATUS_23.02.004/share/stratus/include/cynw_p2p.h
        00116.     line 5231
        00116.     Optimizing method HammingMatch::o_min_dist_gen_out_busy
        00116:   at /usr/cadtool/cadence/STRATUS/STRATUS_23.02.004/share/stratus/include/cynw_comm_util.h
        00116.     line 1438
        00116.     Optimizing method HammingMatch::o_min_dist_m_req_gen_active
        00116:   at /usr/cadtool/cadence/STRATUS/STRATUS_23.02.004/share/stratus/include/cynw_comm_util.h
        00116.     line 1450
        00116.     Optimizing method HammingMatch::o_min_dist_m_req_gen_prev_trig_reg
        00116:   at /usr/cadtool/cadence/STRATUS/STRATUS_23.02.004/share/stratus/include/cynw_comm_util.h
        00116.     line 1465
        00116.     Optimizing method HammingMatch::o_min_dist_m_req_gen_next_trig_req_reg
        00116:   at /usr/cadtool/cadence/STRATUS/STRATUS_23.02.004/share/stratus/include/cynw_comm_util.h
        00116.     line 1480
        00116.     Optimizing method HammingMatch::o_min_dist_m_req_gen_next_trig_reg
        00116:   at ../HammingMatch.cpp line 41
        00116.     Optimizing thread HammingMatch::do_match
        00305:     1215 nodes
        00306:     Optimize: pass 1.
        00305:     1171 nodes
        00306:     Optimize: pass 2.
        00258:       at ../HammingMatch.cpp line 20
        00258.         Array popcnt32::L3, 2 words x 5 bits (10 total bits),
        00258.         HAS been flattened into 2, 5 bit scalar variables
        00258.         because --flatten_array is not set to "none".
        00305:     1159 nodes
        00306:     Optimize: pass 3...
        00305:     1161 nodes
        00306:     Optimize: pass 4.
        00305:     1081 nodes
        00306:     Optimize: pass 5.
   NOTE 00300:       at /usr/cadtool/cadence/STRATUS/STRATUS_23.02.004/share/stratus/include/cynw_p2p.h
   NOTE 00300.         line 5106 (in put())
   NOTE 00300.           called from ../HammingMatch.cpp line 90
   NOTE 00300.         Detected stall condition: (o_min_dist_m_stalling ==
   NOTE 00300.         1ULL)
   NOTE 00300:       at /usr/cadtool/cadence/STRATUS/STRATUS_23.02.004/share/stratus/include/cynw_p2p.h
   NOTE 00300.         line 5106 (in put())
   NOTE 00300.           called from ../HammingMatch.cpp line 89
   NOTE 00300.         Detected stall condition: (o_best_idx_m_stalling ==
   NOTE 00300.         1ULL)
   NOTE 00300:       at /usr/cadtool/cadence/STRATUS/STRATUS_23.02.004/share/stratus/include/cynw_p2p.h
   NOTE 00300.         line 1464 (in get())
   NOTE 00300.           called from ../HammingMatch.cpp line 69
   NOTE 00300.         Detected stall condition: (i_train_m_data_is_invalid ==
   NOTE 00300.         1ULL)
   NOTE 00300:       at /usr/cadtool/cadence/STRATUS/STRATUS_23.02.004/share/stratus/include/cynw_p2p.h
   NOTE 00300.         line 1464 (in get())
   NOTE 00300.           called from ../HammingMatch.cpp line 56
   NOTE 00300.         Detected stall condition: (i_query_m_data_is_invalid ==
   NOTE 00300.         1ULL)
        00305:     1073 nodes
        00306:     Optimize: pass 6..
        00305:     1065 nodes
        00306:     Optimize: pass 7.
   NOTE 00453: Fusing loop at ../HammingMatch.cpp line 73 with loop at
   NOTE 00453.   ../HammingMatch.cpp line 66 because --fuse_loops=on
        00305:     1065 nodes
        00306:     Optimize: pass 8..
        00305:     1045 nodes
        00306:     Optimize: pass 9.
        00305:     1045 nodes
        00306:     Optimize: pass 10.
        00258:       at ../HammingMatch.cpp line 5
        00258.         Array popcnt32::L0, 16 words x 2 bits (32 total bits),
        00258.         HAS been flattened into 16, 2 bit scalar variables
        00258.         because the --flatten_array level allows flattening of
        00258.         arrays with variable reads and writes.
   NOTE 00260:       at ../HammingMatch.cpp line 12 (in popcnt32())
   NOTE 00260.           called from line 79 (in L0())
   NOTE 00260.           called from line 5 (in popcnt32())
   NOTE 00260.           called from line 79
   NOTE 00260.         This is the first of 2 variable writes to popcnt32::L0.
        00261:       at ../HammingMatch.cpp line 7 (in popcnt32())
        00261.           called from line 79 (in L0())
        00261.           called from line 5 (in popcnt32())
        00261.           called from line 79
        00261.         This is the first of 1 variable reads from popcnt32::L0.
        00258:       at ../HammingMatch.cpp line 10
        00258.         Array popcnt32::L1, 8 words x 3 bits (24 total bits),
        00258.         HAS been flattened into 8, 3 bit scalar variables
        00258.         because the --flatten_array level allows flattening of
        00258.         arrays with variable reads and writes.
   NOTE 00260:       at ../HammingMatch.cpp line 17 (in popcnt32())
   NOTE 00260.           called from line 79 (in L1())
   NOTE 00260.           called from line 10 (in popcnt32())
   NOTE 00260.           called from line 79
   NOTE 00260.         This is the first of 2 variable writes to popcnt32::L1.
        00261:       at ../HammingMatch.cpp line 12 (in popcnt32())
        00261.           called from line 79 (in L1())
        00261.           called from line 10 (in popcnt32())
        00261.           called from line 79
        00261.         This is the first of 1 variable reads from popcnt32::L1.
        00258:       at ../HammingMatch.cpp line 15
        00258.         Array popcnt32::L2, 4 words x 4 bits (16 total bits),
        00258.         HAS been flattened into 4, 4 bit scalar variables
        00258.         because the --flatten_array level allows flattening of
        00258.         arrays with variable reads.
        00261:       at ../HammingMatch.cpp line 17 (in popcnt32())
        00261.           called from line 79 (in L2())
        00261.           called from line 15 (in popcnt32())
        00261.           called from line 79
        00261.         This is the first of 1 variable reads from popcnt32::L2.
        00258:       at ../HammingMatch.h line 30
        00258.         Array qword, 8 words x 32 bits (256 total bits), HAS
        00258.         been flattened into 8, 32 bit scalar variables because
        00258.         this array has a HLS_FLATTEN_ARRAY directive at
        00258.         ../HammingMatch.cpp line 43.
   NOTE 00260:       at ../HammingMatch.cpp line 78
   NOTE 00260.         This is the first of 1 variable writes to qword.
        00261:       at ../HammingMatch.cpp line 56
        00261.         This is the first of 1 variable reads from qword.
        00258:       at ../HammingMatch.h line 31
        00258.         Array tword, 8 words x 32 bits (256 total bits), HAS
        00258.         been flattened into 8, 32 bit scalar variables because
        00258.         this array has a HLS_FLATTEN_ARRAY directive at
        00258.         ../HammingMatch.cpp line 44.
   NOTE 00260:       at ../HammingMatch.cpp line 78
   NOTE 00260.         This is the first of 1 variable writes to tword.
        00261:       at ../HammingMatch.cpp line 69
        00261.         This is the first of 1 variable reads from tword.
        00305:     1536 nodes
        00306:     Optimize: pass 11...
        00305:     1568 nodes
        00306:     Optimize: pass 12.
        00305:     1584 nodes
        00306:     Optimize: pass 13...
        00305:     1433 nodes
        00306:     Optimize: pass 14.
        00305:     1397 nodes
        00306:     Optimize: pass 15..
        00305:     1397 nodes
        00306:     Optimize: pass 16.
        00305:     1393 nodes
        00306:     Optimize: pass 17.
        00305:     1393 nodes
        00306:     Optimize: pass 18.
        02831:       at ../HammingMatch.cpp line 83
        02831.         Converting control branching to datapath elements. (11
        02831.         bits multiplexed)
        00305:     1399 nodes
        00306:     Optimize: pass 19.
        00305:     1397 nodes
        00306:     Optimize: pass 20..
        00305:     1393 nodes
        00306:     Optimize: pass 21.
        00305:     1393 nodes
        00306:     Optimize: pass 22.
        00289:       at ../HammingMatch.cpp line 53
        00289.         This loop is not being unrolled because no unrolling was
        00289.         specified.
        00289:       at ../HammingMatch.cpp line 6 (in popcnt32())
        00289.           called from line 79
        00289.         This loop is not being unrolled because no unrolling was
        00289.         specified.
        00289:       at ../HammingMatch.cpp line 11 (in popcnt32())
        00289.           called from line 79
        00289.         This loop is not being unrolled because no unrolling was
        00289.         specified.
        00289:       at ../HammingMatch.cpp line 16 (in popcnt32())
        00289.           called from line 79
        00289.         This loop is not being unrolled because no unrolling was
        00289.         specified.
        00289:       at ../HammingMatch.cpp line 66
        00289.         This loop is not being unrolled because no unrolling was
        00289.         specified.
        00289:       at ../HammingMatch.cpp line 63
        00289.         This loop is not being unrolled because no unrolling was
        00289.         specified.
        00289:       at ../HammingMatch.cpp line 50
        00289.         This loop is not being unrolled because no unrolling was
        00289.         specified.
        00289:       in
        00289.         This loop is not being unrolled because no unrolling was
        00289.         specified.
        00116:   at /usr/cadtool/cadence/STRATUS/STRATUS_23.02.004/share/stratus/include/cynw_p2p.h
        00116.     line 1744
        00116.     Optimizing method HammingMatch::i_train_gen_busy
        00305:     168 nodes
        00306:     Optimize: pass 1.
        00305:     150 nodes
        00306:     Optimize: pass 2.
        00305:     174 nodes
        00306:     Optimize: pass 3...
        00305:     153 nodes
        00306:     Optimize: pass 4.
        00305:     153 nodes
        00306:     Optimize: pass 5.
        00305:     153 nodes
        00306:     Optimize: pass 6.
        00305:     171 nodes
        00306:     Optimize: pass 7..
        00305:     165 nodes
        00306:     Optimize: pass 8.
        00305:     165 nodes
        00306:     Optimize: pass 9.
        00116:   at /usr/cadtool/cadence/STRATUS/STRATUS_23.02.004/share/stratus/include/cynw_p2p.h
        00116.     line 1807
        00116.     Optimizing method HammingMatch::i_train_gen_unvalidated_req
        00305:     349 nodes
        00306:     Optimize: pass 1..
        00305:     166 nodes
        00306:     Optimize: pass 2.
        00305:     185 nodes
        00306:     Optimize: pass 3.
        00305:     185 nodes
        00306:     Optimize: pass 4.
        00305:     185 nodes
        00306:     Optimize: pass 5.
        02831:       at /usr/cadtool/cadence/STRATUS/STRATUS_23.02.004/share/stratus/include/cynw_p2p.h
        02831.         line 1817
        02831.         Converting control branching to datapath elements. (11
        02831.         bits multiplexed)
        00305:     165 nodes
        00306:     Optimize: pass 6..
        00305:     162 nodes
        00306:     Optimize: pass 7.
        00305:     161 nodes
        00306:     Optimize: pass 8..
        00305:     160 nodes
        00306:     Optimize: pass 9.
        00305:     159 nodes
        00306:     Optimize: pass 10.
        00305:     159 nodes
        00306:     Optimize: pass 11.
        00116:   at /usr/cadtool/cadence/STRATUS/STRATUS_23.02.004/share/stratus/include/cynw_p2p.h
        00116.     line 1912
        00116.     Optimizing method HammingMatch::i_train_gen_local_busy
        00305:     44 nodes
        00306:     Optimize: pass 1.
        00305:     50 nodes
        00306:     Optimize: pass 2..
        00305:     44 nodes
        00306:     Optimize: pass 3.
        00305:     44 nodes
        00306:     Optimize: pass 4.
        00305:     44 nodes
        00306:     Optimize: pass 5.
        00305:     44 nodes
        00306:     Optimize: pass 6.
        00116:   at /usr/cadtool/cadence/STRATUS/STRATUS_23.02.004/share/stratus/include/cynw_p2p.h
        00116.     line 1830
        00116.     Optimizing method HammingMatch::i_train_gen_do_stall_reg
        00305:     142 nodes
        00306:     Optimize: pass 1.
        00305:     114 nodes
        00306:     Optimize: pass 2.
        00305:     133 nodes
        00306:     Optimize: pass 3.
        00305:     133 nodes
        00306:     Optimize: pass 4.
        00305:     133 nodes
        00306:     Optimize: pass 5.
        00305:     142 nodes
        00306:     Optimize: pass 6.
        00305:     142 nodes
        00306:     Optimize: pass 7.
        02835:       at /usr/cadtool/cadence/STRATUS/STRATUS_23.02.004/share/stratus/include/cynw_p2p.h
        02835.         line 1835
        02835.         Not converting control branching to datapath elements
        02835.         because a statement has side effects (i.e. printf()).
        00116:   at /usr/cadtool/cadence/STRATUS/STRATUS_23.02.004/share/stratus/include/cynw_p2p.h
        00116.     line 1850
        00116.     Optimizing method HammingMatch::i_train_gen_do_stall_reg_full
        00305:     286 nodes
        00306:     Optimize: pass 1..
        00305:     130 nodes
        00306:     Optimize: pass 2.
        00305:     136 nodes
        00306:     Optimize: pass 3..
        00305:     133 nodes
        00306:     Optimize: pass 4.
        00305:     133 nodes
        00306:     Optimize: pass 5.
        00305:     133 nodes
        00306:     Optimize: pass 6.
        00305:     139 nodes
        00306:     Optimize: pass 7..
        00305:     136 nodes
        00306:     Optimize: pass 8.
        00305:     136 nodes
        00306:     Optimize: pass 9.
        00116:   at /usr/cadtool/cadence/STRATUS/STRATUS_23.02.004/share/stratus/include/cynw_p2p.h
        00116.     line 1870
        00116.     Optimizing method HammingMatch::i_train_gen_do_reg_data
        00305:     135 nodes
        00306:     Optimize: pass 1.
        00305:     106 nodes
        00306:     Optimize: pass 2.
        00305:     125 nodes
        00306:     Optimize: pass 3.
        00305:     125 nodes
        00306:     Optimize: pass 4.
        00305:     125 nodes
        00306:     Optimize: pass 5.
        00305:     128 nodes
        00306:     Optimize: pass 6.
        00305:     128 nodes
        00306:     Optimize: pass 7.
        02835:       at /usr/cadtool/cadence/STRATUS/STRATUS_23.02.004/share/stratus/include/cynw_p2p.h
        02835.         line 1874
        02835.         Not converting control branching to datapath elements
        02835.         because a statement has side effects (i.e. printf()).
        00116:   at /usr/cadtool/cadence/STRATUS/STRATUS_23.02.004/share/stratus/include/cynw_p2p.h
        00116.     line 1888
        00116.     Optimizing method HammingMatch::i_train_gen_do_reg_vld
        00305:     343 nodes
        00306:     Optimize: pass 1..
        00305:     163 nodes
        00306:     Optimize: pass 2.
        00305:     182 nodes
        00306:     Optimize: pass 3.
        00305:     182 nodes
        00306:     Optimize: pass 4.
        00305:     182 nodes
        00306:     Optimize: pass 5.
        02831:       at /usr/cadtool/cadence/STRATUS/STRATUS_23.02.004/share/stratus/include/cynw_p2p.h
        02831.         line 1897
        02831.         Converting control branching to datapath elements. (11
        02831.         bits multiplexed)
        00305:     162 nodes
        00306:     Optimize: pass 6.
        00305:     161 nodes
        00306:     Optimize: pass 7..
        00305:     160 nodes
        00306:     Optimize: pass 8.
        00305:     159 nodes
        00306:     Optimize: pass 9.
        00305:     162 nodes
        00306:     Optimize: pass 10..
        00305:     159 nodes
        00306:     Optimize: pass 11.
        00305:     159 nodes
        00306:     Optimize: pass 12.
        00116:   at /usr/cadtool/cadence/STRATUS/STRATUS_23.02.004/share/stratus/include/cynw_p2p.h
        00116.     line 1744
        00116.     Optimizing method HammingMatch::i_query_gen_busy
        00305:     168 nodes
        00306:     Optimize: pass 1.
        00305:     150 nodes
        00306:     Optimize: pass 2.
        00305:     174 nodes
        00306:     Optimize: pass 3...
        00305:     153 nodes
        00306:     Optimize: pass 4.
        00305:     153 nodes
        00306:     Optimize: pass 5.
        00305:     153 nodes
        00306:     Optimize: pass 6.
        00305:     171 nodes
        00306:     Optimize: pass 7..
        00305:     165 nodes
        00306:     Optimize: pass 8.
        00305:     165 nodes
        00306:     Optimize: pass 9.
        00116:   at /usr/cadtool/cadence/STRATUS/STRATUS_23.02.004/share/stratus/include/cynw_p2p.h
        00116.     line 1807
        00116.     Optimizing method HammingMatch::i_query_gen_unvalidated_req
        00305:     349 nodes
        00306:     Optimize: pass 1..
        00305:     166 nodes
        00306:     Optimize: pass 2.
        00305:     185 nodes
        00306:     Optimize: pass 3.
        00305:     185 nodes
        00306:     Optimize: pass 4.
        00305:     185 nodes
        00306:     Optimize: pass 5.
        00305:     165 nodes
        00306:     Optimize: pass 6..
        00305:     162 nodes
        00306:     Optimize: pass 7.
        00305:     161 nodes
        00306:     Optimize: pass 8..
        00305:     160 nodes
        00306:     Optimize: pass 9.
        00305:     159 nodes
        00306:     Optimize: pass 10.
        00305:     159 nodes
        00306:     Optimize: pass 11.
        00116:   at /usr/cadtool/cadence/STRATUS/STRATUS_23.02.004/share/stratus/include/cynw_p2p.h
        00116.     line 1912
        00116.     Optimizing method HammingMatch::i_query_gen_local_busy
        00305:     44 nodes
        00306:     Optimize: pass 1.
        00305:     50 nodes
        00306:     Optimize: pass 2..
        00305:     44 nodes
        00306:     Optimize: pass 3.
        00305:     44 nodes
        00306:     Optimize: pass 4.
        00305:     44 nodes
        00306:     Optimize: pass 5.
        00305:     44 nodes
        00306:     Optimize: pass 6.
        00116:   at /usr/cadtool/cadence/STRATUS/STRATUS_23.02.004/share/stratus/include/cynw_p2p.h
        00116.     line 1830
        00116.     Optimizing method HammingMatch::i_query_gen_do_stall_reg
        00305:     142 nodes
        00306:     Optimize: pass 1.
        00305:     114 nodes
        00306:     Optimize: pass 2.
        00305:     133 nodes
        00306:     Optimize: pass 3.
        00305:     133 nodes
        00306:     Optimize: pass 4.
        00305:     133 nodes
        00306:     Optimize: pass 5.
        00305:     142 nodes
        00306:     Optimize: pass 6.
        00305:     142 nodes
        00306:     Optimize: pass 7.
        00116:   at /usr/cadtool/cadence/STRATUS/STRATUS_23.02.004/share/stratus/include/cynw_p2p.h
        00116.     line 1850
        00116.     Optimizing method HammingMatch::i_query_gen_do_stall_reg_full
        00305:     286 nodes
        00306:     Optimize: pass 1..
        00305:     130 nodes
        00306:     Optimize: pass 2.
        00305:     136 nodes
        00306:     Optimize: pass 3..
        00305:     133 nodes
        00306:     Optimize: pass 4.
        00305:     133 nodes
        00306:     Optimize: pass 5.
        00305:     133 nodes
        00306:     Optimize: pass 6.
        00305:     139 nodes
        00306:     Optimize: pass 7..
        00305:     136 nodes
        00306:     Optimize: pass 8.
        00305:     136 nodes
        00306:     Optimize: pass 9.
        00116:   at /usr/cadtool/cadence/STRATUS/STRATUS_23.02.004/share/stratus/include/cynw_p2p.h
        00116.     line 1870
        00116.     Optimizing method HammingMatch::i_query_gen_do_reg_data
        00305:     135 nodes
        00306:     Optimize: pass 1.
        00305:     106 nodes
        00306:     Optimize: pass 2.
        00305:     125 nodes
        00306:     Optimize: pass 3.
        00305:     125 nodes
        00306:     Optimize: pass 4.
        00305:     125 nodes
        00306:     Optimize: pass 5.
        00305:     128 nodes
        00306:     Optimize: pass 6.
        00305:     128 nodes
        00306:     Optimize: pass 7.
        00116:   at /usr/cadtool/cadence/STRATUS/STRATUS_23.02.004/share/stratus/include/cynw_p2p.h
        00116.     line 1888
        00116.     Optimizing method HammingMatch::i_query_gen_do_reg_vld
        00305:     343 nodes
        00306:     Optimize: pass 1..
        00305:     163 nodes
        00306:     Optimize: pass 2.
        00305:     182 nodes
        00306:     Optimize: pass 3.
        00305:     182 nodes
        00306:     Optimize: pass 4.
        00305:     182 nodes
        00306:     Optimize: pass 5.
        00305:     162 nodes
        00306:     Optimize: pass 6.
        00305:     161 nodes
        00306:     Optimize: pass 7..
        00305:     160 nodes
        00306:     Optimize: pass 8.
        00305:     159 nodes
        00306:     Optimize: pass 9.
        00305:     162 nodes
        00306:     Optimize: pass 10..
        00305:     159 nodes
        00306:     Optimize: pass 11.
        00305:     159 nodes
        00306:     Optimize: pass 12.
        00116:   at /usr/cadtool/cadence/STRATUS/STRATUS_23.02.004/share/stratus/include/cynw_p2p.h
        00116.     line 5191
        00116.     Optimizing method HammingMatch::o_best_idx_gen_vld
        00305:     46 nodes
        00306:     Optimize: pass 1.
        00305:     52 nodes
        00306:     Optimize: pass 2..
        00305:     49 nodes
        00306:     Optimize: pass 3.
        00305:     49 nodes
        00306:     Optimize: pass 4.
        00305:     49 nodes
        00306:     Optimize: pass 5.
        00305:     55 nodes
        00306:     Optimize: pass 6..
        00305:     52 nodes
        00306:     Optimize: pass 7.
        00305:     52 nodes
        00306:     Optimize: pass 8.
        00116:   at /usr/cadtool/cadence/STRATUS/STRATUS_23.02.004/share/stratus/include/cynw_p2p.h
        00116.     line 5202
        00116.     Optimizing method HammingMatch::o_best_idx_gen_unacked_req
        00305:     282 nodes
        00306:     Optimize: pass 1..
        00305:     128 nodes
        00306:     Optimize: pass 2.
        00305:     134 nodes
        00306:     Optimize: pass 3..
        00305:     131 nodes
        00306:     Optimize: pass 4.
        00305:     131 nodes
        00306:     Optimize: pass 5.
        00305:     131 nodes
        00306:     Optimize: pass 6.
        00305:     131 nodes
        00306:     Optimize: pass 7.
        00116:   at /usr/cadtool/cadence/STRATUS/STRATUS_23.02.004/share/stratus/include/cynw_p2p.h
        00116.     line 5218
        00116.     Optimizing method HammingMatch::o_best_idx_gen_stalling
        00305:     67 nodes
        00306:     Optimize: pass 1.
        00305:     61 nodes
        00306:     Optimize: pass 2.
        00305:     70 nodes
        00306:     Optimize: pass 3..
        00305:     67 nodes
        00306:     Optimize: pass 4.
        00305:     67 nodes
        00306:     Optimize: pass 5.
        00305:     67 nodes
        00306:     Optimize: pass 6.
        00305:     70 nodes
        00306:     Optimize: pass 7..
        00305:     67 nodes
        00306:     Optimize: pass 8.
        00305:     67 nodes
        00306:     Optimize: pass 9.
        00116:   at /usr/cadtool/cadence/STRATUS/STRATUS_23.02.004/share/stratus/include/cynw_p2p.h
        00116.     line 5231
        00116.     Optimizing method HammingMatch::o_best_idx_gen_out_busy
        00305:     62 nodes
        00306:     Optimize: pass 1.
        00305:     56 nodes
        00306:     Optimize: pass 2.
        00305:     56 nodes
        00306:     Optimize: pass 3.
        00305:     56 nodes
        00306:     Optimize: pass 4.
        00305:     56 nodes
        00306:     Optimize: pass 5.
        00116:   at /usr/cadtool/cadence/STRATUS/STRATUS_23.02.004/share/stratus/include/cynw_comm_util.h
        00116.     line 1438
        00116.     Optimizing method HammingMatch::o_best_idx_m_req_gen_active
        00305:     46 nodes
        00306:     Optimize: pass 1.
        00305:     52 nodes
        00306:     Optimize: pass 2..
        00305:     49 nodes
        00306:     Optimize: pass 3.
        00305:     49 nodes
        00306:     Optimize: pass 4.
        00305:     49 nodes
        00306:     Optimize: pass 5.
        00305:     55 nodes
        00306:     Optimize: pass 6..
        00305:     52 nodes
        00306:     Optimize: pass 7.
        00305:     52 nodes
        00306:     Optimize: pass 8.
        00116:   at /usr/cadtool/cadence/STRATUS/STRATUS_23.02.004/share/stratus/include/cynw_comm_util.h
        00116.     line 1450
        00116.     Optimizing method HammingMatch::o_best_idx_m_req_gen_prev_trig_reg
        00305:     282 nodes
        00306:     Optimize: pass 1..
        00305:     128 nodes
        00306:     Optimize: pass 2.
        00305:     134 nodes
        00306:     Optimize: pass 3..
        00305:     131 nodes
        00306:     Optimize: pass 4.
        00305:     131 nodes
        00306:     Optimize: pass 5.
        00305:     131 nodes
        00306:     Optimize: pass 6.
        00305:     131 nodes
        00306:     Optimize: pass 7.
        00116:   at /usr/cadtool/cadence/STRATUS/STRATUS_23.02.004/share/stratus/include/cynw_comm_util.h
        00116.     line 1465
        00116.     Optimizing method HammingMatch::o_best_idx_m_req_gen_next_trig_req_reg
        00305:     282 nodes
        00306:     Optimize: pass 1..
        00305:     128 nodes
        00306:     Optimize: pass 2.
        00305:     134 nodes
        00306:     Optimize: pass 3..
        00305:     131 nodes
        00306:     Optimize: pass 4.
        00305:     131 nodes
        00306:     Optimize: pass 5.
        00305:     131 nodes
        00306:     Optimize: pass 6.
        00305:     131 nodes
        00306:     Optimize: pass 7.
        00116:   at /usr/cadtool/cadence/STRATUS/STRATUS_23.02.004/share/stratus/include/cynw_comm_util.h
        00116.     line 1480
        00116.     Optimizing method HammingMatch::o_best_idx_m_req_gen_next_trig_reg
        00305:     45 nodes
        00306:     Optimize: pass 1.
        00305:     51 nodes
        00306:     Optimize: pass 2..
        00305:     48 nodes
        00306:     Optimize: pass 3.
        00305:     48 nodes
        00306:     Optimize: pass 4.
        00305:     48 nodes
        00306:     Optimize: pass 5.
        00305:     51 nodes
        00306:     Optimize: pass 6..
        00305:     48 nodes
        00306:     Optimize: pass 7.
        00305:     48 nodes
        00306:     Optimize: pass 8.
        00116:   at /usr/cadtool/cadence/STRATUS/STRATUS_23.02.004/share/stratus/include/cynw_p2p.h
        00116.     line 5191
        00116.     Optimizing method HammingMatch::o_min_dist_gen_vld
        00305:     46 nodes
        00306:     Optimize: pass 1.
        00305:     52 nodes
        00306:     Optimize: pass 2..
        00305:     49 nodes
        00306:     Optimize: pass 3.
        00305:     49 nodes
        00306:     Optimize: pass 4.
        00305:     49 nodes
        00306:     Optimize: pass 5.
        00305:     55 nodes
        00306:     Optimize: pass 6..
        00305:     52 nodes
        00306:     Optimize: pass 7.
        00305:     52 nodes
        00306:     Optimize: pass 8.
        00116:   at /usr/cadtool/cadence/STRATUS/STRATUS_23.02.004/share/stratus/include/cynw_p2p.h
        00116.     line 5202
        00116.     Optimizing method HammingMatch::o_min_dist_gen_unacked_req
        00305:     282 nodes
        00306:     Optimize: pass 1..
        00305:     128 nodes
        00306:     Optimize: pass 2.
        00305:     134 nodes
        00306:     Optimize: pass 3..
        00305:     131 nodes
        00306:     Optimize: pass 4.
        00305:     131 nodes
        00306:     Optimize: pass 5.
        00305:     131 nodes
        00306:     Optimize: pass 6.
        00305:     131 nodes
        00306:     Optimize: pass 7.
        00116:   at /usr/cadtool/cadence/STRATUS/STRATUS_23.02.004/share/stratus/include/cynw_p2p.h
        00116.     line 5218
        00116.     Optimizing method HammingMatch::o_min_dist_gen_stalling
        00305:     67 nodes
        00306:     Optimize: pass 1.
        00305:     61 nodes
        00306:     Optimize: pass 2.
        00305:     70 nodes
        00306:     Optimize: pass 3..
        00305:     67 nodes
        00306:     Optimize: pass 4.
        00305:     67 nodes
        00306:     Optimize: pass 5.
        00305:     67 nodes
        00306:     Optimize: pass 6.
        00305:     70 nodes
        00306:     Optimize: pass 7..
        00305:     67 nodes
        00306:     Optimize: pass 8.
        00305:     67 nodes
        00306:     Optimize: pass 9.
        00116:   at /usr/cadtool/cadence/STRATUS/STRATUS_23.02.004/share/stratus/include/cynw_p2p.h
        00116.     line 5231
        00116.     Optimizing method HammingMatch::o_min_dist_gen_out_busy
        00305:     62 nodes
        00306:     Optimize: pass 1.
        00305:     56 nodes
        00306:     Optimize: pass 2.
        00305:     56 nodes
        00306:     Optimize: pass 3.
        00305:     56 nodes
        00306:     Optimize: pass 4.
        00305:     56 nodes
        00306:     Optimize: pass 5.
        00116:   at /usr/cadtool/cadence/STRATUS/STRATUS_23.02.004/share/stratus/include/cynw_comm_util.h
        00116.     line 1438
        00116.     Optimizing method HammingMatch::o_min_dist_m_req_gen_active
        00305:     46 nodes
        00306:     Optimize: pass 1.
        00305:     52 nodes
        00306:     Optimize: pass 2..
        00305:     49 nodes
        00306:     Optimize: pass 3.
        00305:     49 nodes
        00306:     Optimize: pass 4.
        00305:     49 nodes
        00306:     Optimize: pass 5.
        00305:     55 nodes
        00306:     Optimize: pass 6..
        00305:     52 nodes
        00306:     Optimize: pass 7.
        00305:     52 nodes
        00306:     Optimize: pass 8.
        00116:   at /usr/cadtool/cadence/STRATUS/STRATUS_23.02.004/share/stratus/include/cynw_comm_util.h
        00116.     line 1450
        00116.     Optimizing method HammingMatch::o_min_dist_m_req_gen_prev_trig_reg
        00305:     282 nodes
        00306:     Optimize: pass 1..
        00305:     128 nodes
        00306:     Optimize: pass 2.
        00305:     134 nodes
        00306:     Optimize: pass 3..
        00305:     131 nodes
        00306:     Optimize: pass 4.
        00305:     131 nodes
        00306:     Optimize: pass 5.
        00305:     131 nodes
        00306:     Optimize: pass 6.
        00305:     131 nodes
        00306:     Optimize: pass 7.
        00116:   at /usr/cadtool/cadence/STRATUS/STRATUS_23.02.004/share/stratus/include/cynw_comm_util.h
        00116.     line 1465
        00116.     Optimizing method HammingMatch::o_min_dist_m_req_gen_next_trig_req_reg
        00305:     282 nodes
        00306:     Optimize: pass 1..
        00305:     128 nodes
        00306:     Optimize: pass 2.
        00305:     134 nodes
        00306:     Optimize: pass 3..
        00305:     131 nodes
        00306:     Optimize: pass 4.
        00305:     131 nodes
        00306:     Optimize: pass 5.
        00305:     131 nodes
        00306:     Optimize: pass 6.
        00305:     131 nodes
        00306:     Optimize: pass 7.
        00116:   at /usr/cadtool/cadence/STRATUS/STRATUS_23.02.004/share/stratus/include/cynw_comm_util.h
        00116.     line 1480
        00116.     Optimizing method HammingMatch::o_min_dist_m_req_gen_next_trig_reg
        00305:     45 nodes
        00306:     Optimize: pass 1.
        00305:     51 nodes
        00306:     Optimize: pass 2..
        00305:     48 nodes
        00306:     Optimize: pass 3.
        00305:     48 nodes
        00306:     Optimize: pass 4.
        00305:     48 nodes
        00306:     Optimize: pass 5.
        00305:     51 nodes
        00306:     Optimize: pass 6..
        00305:     48 nodes
        00306:     Optimize: pass 7.
        00305:     48 nodes
        00306:     Optimize: pass 8.
        00116:   at /usr/cadtool/cadence/STRATUS/STRATUS_23.02.004/share/stratus/include/cynw_p2p.h
        00116.     line 1744
        00116.     Optimizing method HammingMatch::i_train_gen_busy
        00305:     139 nodes
        00306:     Optimize: pass 1...
        00305:     107 nodes
        00306:     Optimize: pass 2.
        00305:     131 nodes
        00306:     Optimize: pass 3..
        00305:     107 nodes
        00306:     Optimize: pass 4.
        00305:     107 nodes
        00306:     Optimize: pass 5.
        00305:     107 nodes
        00306:     Optimize: pass 6.
        00305:     107 nodes
        00306:     Optimize: pass 7.
        00116:   at /usr/cadtool/cadence/STRATUS/STRATUS_23.02.004/share/stratus/include/cynw_p2p.h
        00116.     line 1744
        00116.     Optimizing method HammingMatch::i_query_gen_busy
        00305:     139 nodes
        00306:     Optimize: pass 1...
        00305:     107 nodes
        00306:     Optimize: pass 2.
        00305:     131 nodes
        00306:     Optimize: pass 3..
        00305:     107 nodes
        00306:     Optimize: pass 4.
        00305:     107 nodes
        00306:     Optimize: pass 5.
        00305:     107 nodes
        00306:     Optimize: pass 6.
        00305:     107 nodes
        00306:     Optimize: pass 7.
        01352:   at ../HammingMatch.cpp line 41
        01352.     Postprocessing thread HammingMatch::do_match

WARNING 02588: at /usr/cadtool/cadence/STRATUS/STRATUS_23.02.004/share/stratus/include/cynw_p2p.h
WARNING 02588.   line 1712
WARNING 02588.   The HLS_SET_OUTPUT_OPTIONS directive has been applied to
WARNING 02588.   non-output 'i_train.m_use_stall_reg_ip' and will be ignored.

WARNING 02588: at /usr/cadtool/cadence/STRATUS/STRATUS_23.02.004/share/stratus/include/cynw_p2p.h
WARNING 02588.   line 1712
WARNING 02588.   The HLS_SET_OUTPUT_OPTIONS directive has been applied to
WARNING 02588.   non-output 'i_query.m_use_stall_reg_ip' and will be ignored.

        01352:   at /usr/cadtool/cadence/STRATUS/STRATUS_23.02.004/share/stratus/include/cynw_p2p.h
        01352.     line 1744
        01352.     Postprocessing method HammingMatch::i_train_gen_busy
   NOTE 00494:       at /usr/cadtool/cadence/STRATUS/STRATUS_23.02.004/share/stratus/include/cynw_p2p.h
   NOTE 00494.         line 1750
   NOTE 00494.         Created dpopt part for "gen_busy_r".
        01352:   at /usr/cadtool/cadence/STRATUS/STRATUS_23.02.004/share/stratus/include/cynw_p2p.h
        01352.     line 1807
        01352.     Postprocessing method
        01352.     HammingMatch::i_train_gen_unvalidated_req
        01352:   at /usr/cadtool/cadence/STRATUS/STRATUS_23.02.004/share/stratus/include/cynw_p2p.h
        01352.     line 1912
        01352.     Postprocessing method HammingMatch::i_train_gen_local_busy
        01352:   at /usr/cadtool/cadence/STRATUS/STRATUS_23.02.004/share/stratus/include/cynw_p2p.h
        01352.     line 1830
        01352.     Postprocessing method HammingMatch::i_train_gen_do_stall_reg
        01352:   at /usr/cadtool/cadence/STRATUS/STRATUS_23.02.004/share/stratus/include/cynw_p2p.h
        01352.     line 1850
        01352.     Postprocessing method
        01352.     HammingMatch::i_train_gen_do_stall_reg_full
        01352:   at /usr/cadtool/cadence/STRATUS/STRATUS_23.02.004/share/stratus/include/cynw_p2p.h
        01352.     line 1870
        01352.     Postprocessing method HammingMatch::i_train_gen_do_reg_data
        01352:   at /usr/cadtool/cadence/STRATUS/STRATUS_23.02.004/share/stratus/include/cynw_p2p.h
        01352.     line 1888
        01352.     Postprocessing method HammingMatch::i_train_gen_do_reg_vld
        01352:   at /usr/cadtool/cadence/STRATUS/STRATUS_23.02.004/share/stratus/include/cynw_p2p.h
        01352.     line 1744
        01352.     Postprocessing method HammingMatch::i_query_gen_busy
        01352:   at /usr/cadtool/cadence/STRATUS/STRATUS_23.02.004/share/stratus/include/cynw_p2p.h
        01352.     line 1807
        01352.     Postprocessing method
        01352.     HammingMatch::i_query_gen_unvalidated_req
        01352:   at /usr/cadtool/cadence/STRATUS/STRATUS_23.02.004/share/stratus/include/cynw_p2p.h
        01352.     line 1912
        01352.     Postprocessing method HammingMatch::i_query_gen_local_busy
        01352:   at /usr/cadtool/cadence/STRATUS/STRATUS_23.02.004/share/stratus/include/cynw_p2p.h
        01352.     line 1830
        01352.     Postprocessing method HammingMatch::i_query_gen_do_stall_reg
        01352:   at /usr/cadtool/cadence/STRATUS/STRATUS_23.02.004/share/stratus/include/cynw_p2p.h
        01352.     line 1850
        01352.     Postprocessing method
        01352.     HammingMatch::i_query_gen_do_stall_reg_full
        01352:   at /usr/cadtool/cadence/STRATUS/STRATUS_23.02.004/share/stratus/include/cynw_p2p.h
        01352.     line 1870
        01352.     Postprocessing method HammingMatch::i_query_gen_do_reg_data
        01352:   at /usr/cadtool/cadence/STRATUS/STRATUS_23.02.004/share/stratus/include/cynw_p2p.h
        01352.     line 1888
        01352.     Postprocessing method HammingMatch::i_query_gen_do_reg_vld
        01352:   at /usr/cadtool/cadence/STRATUS/STRATUS_23.02.004/share/stratus/include/cynw_p2p.h
        01352.     line 5191
        01352.     Postprocessing method HammingMatch::o_best_idx_gen_vld
        01352:   at /usr/cadtool/cadence/STRATUS/STRATUS_23.02.004/share/stratus/include/cynw_p2p.h
        01352.     line 5202
        01352.     Postprocessing method
        01352.     HammingMatch::o_best_idx_gen_unacked_req
        01352:   at /usr/cadtool/cadence/STRATUS/STRATUS_23.02.004/share/stratus/include/cynw_p2p.h
        01352.     line 5218
        01352.     Postprocessing method HammingMatch::o_best_idx_gen_stalling
        01352:   at /usr/cadtool/cadence/STRATUS/STRATUS_23.02.004/share/stratus/include/cynw_p2p.h
        01352.     line 5231
        01352.     Postprocessing method HammingMatch::o_best_idx_gen_out_busy
        01352:   at /usr/cadtool/cadence/STRATUS/STRATUS_23.02.004/share/stratus/include/cynw_comm_util.h
        01352.     line 1438
        01352.     Postprocessing method
        01352.     HammingMatch::o_best_idx_m_req_gen_active
        01352:   at /usr/cadtool/cadence/STRATUS/STRATUS_23.02.004/share/stratus/include/cynw_comm_util.h
        01352.     line 1450
        01352.     Postprocessing method
        01352.     HammingMatch::o_best_idx_m_req_gen_prev_trig_reg
        01352:   at /usr/cadtool/cadence/STRATUS/STRATUS_23.02.004/share/stratus/include/cynw_comm_util.h
        01352.     line 1465
        01352.     Postprocessing method
        01352.     HammingMatch::o_best_idx_m_req_gen_next_trig_req_reg
        01352:   at /usr/cadtool/cadence/STRATUS/STRATUS_23.02.004/share/stratus/include/cynw_comm_util.h
        01352.     line 1480
        01352.     Postprocessing method
        01352.     HammingMatch::o_best_idx_m_req_gen_next_trig_reg
        01352:   at /usr/cadtool/cadence/STRATUS/STRATUS_23.02.004/share/stratus/include/cynw_p2p.h
        01352.     line 5191
        01352.     Postprocessing method HammingMatch::o_min_dist_gen_vld
        01352:   at /usr/cadtool/cadence/STRATUS/STRATUS_23.02.004/share/stratus/include/cynw_p2p.h
        01352.     line 5202
        01352.     Postprocessing method
        01352.     HammingMatch::o_min_dist_gen_unacked_req
        01352:   at /usr/cadtool/cadence/STRATUS/STRATUS_23.02.004/share/stratus/include/cynw_p2p.h
        01352.     line 5218
        01352.     Postprocessing method HammingMatch::o_min_dist_gen_stalling
        01352:   at /usr/cadtool/cadence/STRATUS/STRATUS_23.02.004/share/stratus/include/cynw_p2p.h
        01352.     line 5231
        01352.     Postprocessing method HammingMatch::o_min_dist_gen_out_busy
        01352:   at /usr/cadtool/cadence/STRATUS/STRATUS_23.02.004/share/stratus/include/cynw_comm_util.h
        01352.     line 1438
        01352.     Postprocessing method
        01352.     HammingMatch::o_min_dist_m_req_gen_active
        01352:   at /usr/cadtool/cadence/STRATUS/STRATUS_23.02.004/share/stratus/include/cynw_comm_util.h
        01352.     line 1450
        01352.     Postprocessing method
        01352.     HammingMatch::o_min_dist_m_req_gen_prev_trig_reg
        01352:   at /usr/cadtool/cadence/STRATUS/STRATUS_23.02.004/share/stratus/include/cynw_comm_util.h
        01352.     line 1465
        01352.     Postprocessing method
        01352.     HammingMatch::o_min_dist_m_req_gen_next_trig_req_reg
        01352:   at /usr/cadtool/cadence/STRATUS/STRATUS_23.02.004/share/stratus/include/cynw_comm_util.h
        01352.     line 1480
        01352.     Postprocessing method
        01352.     HammingMatch::o_min_dist_m_req_gen_next_trig_reg

WARNING 00847: at /usr/cadtool/cadence/STRATUS/STRATUS_23.02.004/share/stratus/include/cynw_p2p.h
WARNING 00847.   line 498
WARNING 00847.   An input delay was not specified for "i_train.data". A value
WARNING 00847.   of 0.114ns ( Clk->Q ), will be used as the input delay.

WARNING 00847: at /usr/cadtool/cadence/STRATUS/STRATUS_23.02.004/share/stratus/include/cynw_p2p.h
WARNING 00847.   line 498
WARNING 00847.   An input delay was not specified for "i_query.data". A value
WARNING 00847.   of 0.114ns ( Clk->Q ), will be used as the input delay.

WARNING 00847: at /usr/cadtool/cadence/STRATUS/STRATUS_23.02.004/share/stratus/include/cynw_p2p.h
WARNING 00847.   line 497
WARNING 00847.   An input delay was not specified for "i_train.vld". A value of
WARNING 00847.   0.114ns ( Clk->Q ), will be used as the input delay.

WARNING 00847: at ../HammingMatch.h line 14
WARNING 00847.   An input delay was not specified for "i_rst". A value of
WARNING 00847.   0.114ns ( Clk->Q ), will be used as the input delay.

WARNING 00847: at /usr/cadtool/cadence/STRATUS/STRATUS_23.02.004/share/stratus/include/cynw_p2p.h
WARNING 00847.   line 497
WARNING 00847.   An input delay was not specified for "i_query.vld". A value of
WARNING 00847.   0.114ns ( Clk->Q ), will be used as the input delay.

WARNING 00847: at /usr/cadtool/cadence/STRATUS/STRATUS_23.02.004/share/stratus/include/cynw_p2p.h
WARNING 00847.   line 4318
WARNING 00847.   An input delay was not specified for "o_best_idx.busy". A
WARNING 00847.   value of 0.114ns ( Clk->Q ), will be used as the input delay.

WARNING 00847: at /usr/cadtool/cadence/STRATUS/STRATUS_23.02.004/share/stratus/include/cynw_p2p.h
WARNING 00847.   line 4318
WARNING 00847.   An input delay was not specified for "o_min_dist.busy". A
WARNING 00847.   value of 0.114ns ( Clk->Q ), will be used as the input delay.

WARNING 00408: at ../HammingMatch.h line 30
WARNING 00408.   qword may be read before it is written.

        00182: Initial resource mapping:
   NOTE 01037:     Characterizing multiplexors up to 64 bits by 128 inputs.
        02788:       Using cached results for cyn_mux_estimate_0
        01429:       Binary Multiplexor Metrics:
        01431:         Bitwidth    Num Inputs      Area    Delay (ns)
        01430:             1            2          2.86      0.061
        01430:             1            3          4.82      0.120
        01430:             1            4          7.23      0.120
        01430:             1            5          9.65      0.192
        01430:             1            8         16.88      0.192
        01430:             1            9         19.29      0.264
        01430:             1           16         36.17      0.264
        01430:             1           17         38.59      0.336
        01430:             1           32         74.76      0.336
        01430:             1           33         77.17      0.407
        01430:             1           64        151.94      0.407
        01430:             1           65        154.35      0.479
        01430:             1          128        306.29      0.479
        01430:             2            2          5.72      0.061
        01430:             2            3          8.44      0.129
        01430:             2            4         12.66      0.129
        01430:             2            5         16.88      0.201
        01430:             2            8         29.54      0.201
        01430:             2            9         33.76      0.273
        01430:             2           16         63.30      0.273
        01430:             2           17         67.52      0.345
        01430:             2           32        130.83      0.345
        01430:             2           33        135.05      0.417
        01430:             2           64        265.89      0.417
        01430:             2           65        270.11      0.489
        01430:             2          128        536.00      0.489
        01430:             4            2         11.45      0.061
        01430:             4            3         16.88      0.139
        01430:             4            4         25.32      0.139
        01430:             4            5         33.76      0.211
        01430:             4            8         59.08      0.211
        01430:             4            9         67.52      0.283
        01430:             4           16        126.61      0.283
        01430:             4           17        135.05      0.354
        01430:             4           32        261.66      0.354
        01430:             4           33        270.11      0.426
        01430:             4           64        531.78      0.426
        01430:             4           65        540.22      0.498
        01430:             4          128       1072.00      0.498
        01430:             8            2         22.89      0.061
        01430:             8            3         31.34      0.148
        01430:             8            4         47.02      0.148
        01430:             8            5         62.69      0.220
        01430:             8            8        109.72      0.220
        01430:             8            9        125.40      0.292
        01430:             8           16        235.13      0.292
        01430:             8           17        250.81      0.364
        01430:             8           32        485.95      0.364
        01430:             8           33        501.62      0.436
        01430:             8           64        987.58      0.436
        01430:             8           65       1003.26      0.508
        01430:             8          128       1990.86      0.508
        01430:            16            2         45.79      0.061
        01430:            16            3         60.27      0.158
        01430:            16            4         90.42      0.158
        01430:            16            5        120.56      0.229
        01430:            16            8        211.00      0.229
        01430:            16            9        241.15      0.301
        01430:            16           16        452.17      0.301
        01430:            16           17        482.32      0.373
        01430:            16           32        934.51      0.373
        01430:            16           33        964.66      0.445
        01430:            16           64       1899.20      0.445
        01430:            16           65       1929.35      0.517
        01430:            16          128       3828.57      0.517
        01430:            32            2         91.57      0.061
        01430:            32            3        118.13      0.167
        01430:            32            4        177.22      0.167
        01430:            32            5        236.30      0.239
        01430:            32            8        413.56      0.239
        01430:            32            9        472.65      0.311
        01430:            32           16        886.26      0.311
        01430:            32           17        945.35      0.383
        01430:            32           32       1831.65      0.383
        01430:            32           33       1890.74      0.455
        01430:            32           64       3722.43      0.455
        01430:            32           65       3781.52      0.526
        01430:            32          128       7503.99      0.526
        01430:            64            2        183.15      0.061
        01430:            64            3        233.85      0.176
        01430:            64            4        350.81      0.176
        01430:            64            5        467.78      0.248
        01430:            64            8        818.69      0.248
        01430:            64            9        935.65      0.320
        01430:            64           16       1754.43      0.320
        01430:            64           17       1871.40      0.392
        01430:            64           32       3625.92      0.392
        01430:            64           33       3742.89      0.464
        01430:            64           64       7368.89      0.464
        01430:            64           65       7485.86      0.536
        01430:            64          128      14854.80      0.536
        01429:       Onehot Multiplexor Metrics:
        01431:         Bitwidth    Num Inputs      Area    Delay (ns)
        01430:             1            2          3.10      0.061
        01430:             1            3          4.22      0.095
        01430:             1            4          5.57      0.095
        01430:             1            5          6.92      0.149
        01430:             1            8         10.97      0.149
        01430:             1            9         12.32      0.204
        01430:             1           16         21.77      0.204
        01430:             1           17         23.12      0.259
        01430:             1           32         43.37      0.259
        01430:             1           33         44.72      0.313
        01430:             1           64         86.56      0.313
        01430:             1           65         87.91      0.368
        01430:             1          128        172.95      0.368
        01430:             2            2          6.21      0.061
        01430:             2            3          7.39      0.095
        01430:             2            4          9.76      0.095
        01430:             2            5         12.12      0.149
        01430:             2            8         19.20      0.149
        01430:             2            9         21.57      0.204
        01430:             2           16         38.10      0.204
        01430:             2           17         40.46      0.259
        01430:             2           32         75.90      0.259
        01430:             2           33         78.26      0.313
        01430:             2           64        151.49      0.313
        01430:             2           65        153.85      0.368
        01430:             2          128        302.66      0.368
        01430:             4            2         12.42      0.061
        01430:             4            3         14.79      0.095
        01430:             4            4         19.51      0.095
        01430:             4            5         24.24      0.149
        01430:             4            8         38.41      0.149
        01430:             4            9         43.13      0.204
        01430:             4           16         76.20      0.204
        01430:             4           17         80.93      0.259
        01430:             4           32        151.79      0.259
        01430:             4           33        156.52      0.313
        01430:             4           64        302.97      0.313
        01430:             4           65        307.69      0.368
        01430:             4          128        605.33      0.368
        01430:             8            2         24.84      0.061
        01430:             8            3         27.46      0.095
        01430:             8            4         36.23      0.095
        01430:             8            5         45.01      0.149
        01430:             8            8         71.33      0.149
        01430:             8            9         80.10      0.204
        01430:             8           16        141.52      0.204
        01430:             8           17        150.29      0.259
        01430:             8           32        281.90      0.259
        01430:             8           33        290.67      0.313
        01430:             8           64        562.66      0.313
        01430:             8           65        571.43      0.368
        01430:             8          128       1124.17      0.368
        01430:            16            2         49.67      0.061
        01430:            16            3         52.81      0.095
        01430:            16            4         69.68      0.095
        01430:            16            5         86.56      0.149
        01430:            16            8        137.17      0.149
        01430:            16            9        154.04      0.204
        01430:            16           16        272.15      0.204
        01430:            16           17        289.02      0.259
        01430:            16           32        542.11      0.259
        01430:            16           33        558.99      0.313
        01430:            16           64       1082.03      0.313
        01430:            16           65       1098.91      0.368
        01430:            16          128       2161.87      0.368
        01430:            32            2         99.34      0.061
        01430:            32            3        103.51      0.095
        01430:            32            4        136.58      0.095
        01430:            32            5        169.65      0.149
        01430:            32            8        268.86      0.149
        01430:            32            9        301.93      0.204
        01430:            32           16        533.42      0.204
        01430:            32           17        566.49      0.259
        01430:            32           32       1062.54      0.259
        01430:            32           33       1095.61      0.313
        01430:            32           64       2120.78      0.313
        01430:            32           65       2153.85      0.368
        01430:            32          128       4237.27      0.368
        01430:            64            2        198.69      0.061
        01430:            64            3        204.90      0.095
        01430:            64            4        270.37      0.095
        01430:            64            5        335.83      0.149
        01430:            64            8        532.23      0.149
        01430:            64            9        597.70      0.204
        01430:            64           16       1055.95      0.204
        01430:            64           17       1121.42      0.259
        01430:            64           32       2103.40      0.259
        01430:            64           33       2168.86      0.313
        01430:            64           64       4198.29      0.313
        01430:            64           65       4263.75      0.368
        01430:            64          128       8388.07      0.368
        00968:   Matching resources
        02788:       Using cached results for HammingMatch_Not_1U_1U_4
        02790:         Area =     0.68  Latency = 0  Delay =    0.029ns
        00205:         Logic levels = 1
        02788:       Using cached results for HammingMatch_Xor_1Ux1U_1U_4
        02790:         Area =     2.74  Latency = 0  Delay =    0.107ns
        00205:         Logic levels = 1
        02788:       Using cached results for HammingMatch_Or_1Ux1U_1U_4
        02790:         Area =     1.37  Latency = 0  Delay =    0.070ns
        00205:         Logic levels = 1
        02788:       Using cached results for HammingMatch_And_1Ux1U_1U_4
        02790:         Area =     1.37  Latency = 0  Delay =    0.071ns
        00205:         Logic levels = 1
        02788:       Using cached results for HammingMatch_N_Muxb_1_2_9_4
        02790:         Area =     2.39  Latency = 0  Delay =    0.090ns
        00205:         Logic levels = 1
        02788:       Using cached results for HammingMatch_gen_busy_r_4
        02790:         Area =     4.10  Latency = 0  Delay =    0.165ns
        00205:         Logic levels = 3
        02788:       Using cached results for HammingMatch_Add_8Ux5U_9U_4
        02790:         Area =    51.64  Latency = 0  Delay =    0.532ns
        00205:         Logic levels = 7
        02788:       Using cached results for HammingMatch_Add_8Ux4U_9U_4
        02790:         Area =    43.43  Latency = 0  Delay =    0.528ns
        00205:         Logic levels = 7
        02788:       Using cached results for HammingMatch_Add_8Ux3U_9U_4
        02790:         Area =    39.33  Latency = 0  Delay =    0.536ns
        00205:         Logic levels = 6
        02788:       Using cached results for HammingMatch_Add_8Ux2U_9U_4
        02790:         Area =    33.86  Latency = 0  Delay =    0.483ns
        00205:         Logic levels = 6
        02788:       Using cached results for HammingMatch_Add_8Ux1U_9U_4
        02790:         Area =    32.49  Latency = 0  Delay =    0.475ns
        00205:         Logic levels = 6
        02788:       Using cached results for HammingMatch_N_Mux_8_2_8_4
        02790:         Area =    19.15  Latency = 0  Delay =    0.090ns
        00205:         Logic levels = 1
        02788:       Using cached results for HammingMatch_N_Mux_9_2_7_4
        02790:         Area =    21.55  Latency = 0  Delay =    0.090ns
        00205:         Logic levels = 1
        02788:       Using cached results for
        02788.         HammingMatch_LessThan_10Sx10S_1U_4
        02790:         Area =    43.09  Latency = 0  Delay =    0.574ns
        00205:         Logic levels = 8
        02788:       Using cached results for HammingMatch_LessThan_9Ux9U_1U_4
        02790:         Area =    34.20  Latency = 0  Delay =    0.447ns
        00205:         Logic levels = 7
        02788:       Using cached results for HammingMatch_Add_9Ux6U_9U_4
        02790:         Area =    56.09  Latency = 0  Delay =    0.542ns
        00205:         Logic levels = 7
        02788:       Using cached results for HammingMatch_Add_5Ux5U_6U_4
        02790:         Area =    30.44  Latency = 0  Delay =    0.481ns
        00205:         Logic levels = 5
        02788:       Using cached results for HammingMatch_Add_4Ux4U_5U_4
        02790:         Area =    25.31  Latency = 0  Delay =    0.332ns
        00205:         Logic levels = 5
        02788:       Using cached results for HammingMatch_LessThan_4Sx4S_1U_4
        02790:         Area =    18.13  Latency = 0  Delay =    0.304ns
        00205:         Logic levels = 5
        02788:       Using cached results for HammingMatch_Add_2Ux1U_3U_4
        02790:         Area =     7.52  Latency = 0  Delay =    0.164ns
        00205:         Logic levels = 2
        02788:       Using cached results for HammingMatch_OrReduction_2U_1U_4
        02790:         Area =     1.37  Latency = 0  Delay =    0.070ns
        00205:         Logic levels = 1
        02788:       Using cached results for HammingMatch_Equal_2Ux1U_1U_4
        02790:         Area =     3.76  Latency = 0  Delay =    0.164ns
        00205:         Logic levels = 2
        02788:       Using cached results for HammingMatch_N_Mux_4_2_6_4
        02790:         Area =     9.58  Latency = 0  Delay =    0.090ns
        00205:         Logic levels = 1
        02788:       Using cached results for HammingMatch_Equal_2Ux2U_1U_4
        02790:         Area =     6.16  Latency = 0  Delay =    0.172ns
        00205:         Logic levels = 2
        02788:       Using cached results for HammingMatch_Add_4Ux3U_5U_4
        02790:         Area =    23.60  Latency = 0  Delay =    0.337ns
        00205:         Logic levels = 4
        02788:       Using cached results for HammingMatch_Add_3Ux3U_4U_4
        02790:         Area =    14.02  Latency = 0  Delay =    0.354ns
        00205:         Logic levels = 3
        02788:       Using cached results for HammingMatch_N_Mux_3_4_5_4
        02790:         Area =    20.18  Latency = 0  Delay =    0.172ns
        00205:         Logic levels = 3
        02788:       Using cached results for HammingMatch_N_Mux_3_2_4_4
        02790:         Area =     7.18  Latency = 0  Delay =    0.090ns
        00205:         Logic levels = 1
        02788:       Using cached results for HammingMatch_Add_4Ux2U_5U_4
        02790:         Area =    17.10  Latency = 0  Delay =    0.316ns
        00205:         Logic levels = 4
        02788:       Using cached results for HammingMatch_Add_3Ux2U_4U_4
        02790:         Area =    12.65  Latency = 0  Delay =    0.273ns
        00205:         Logic levels = 3
        02788:       Using cached results for HammingMatch_Add_2Ux2U_3U_4
        02790:         Area =     8.89  Latency = 0  Delay =    0.244ns
        00205:         Logic levels = 2
        02788:       Using cached results for HammingMatch_N_Mux_2_8_3_4
        02790:         Area =    33.86  Latency = 0  Delay =    0.274ns
        00205:         Logic levels = 5
        02788:       Using cached results for HammingMatch_LessThan_6Sx6S_1U_4
        02790:         Area =    25.65  Latency = 0  Delay =    0.398ns
        00205:         Logic levels = 6
        02788:       Using cached results for HammingMatch_Add_4Ux1U_5U_4
        02790:         Area =    15.73  Latency = 0  Delay =    0.266ns
        00205:         Logic levels = 4
        02788:       Using cached results for HammingMatch_OrReduction_4U_1U_4
        02790:         Area =     2.05  Latency = 0  Delay =    0.168ns
        00205:         Logic levels = 1
        02788:       Using cached results for HammingMatch_Equal_4Ux1U_1U_4
        02790:         Area =     4.45  Latency = 0  Delay =    0.158ns
        00205:         Logic levels = 2
        02788:       Using cached results for HammingMatch_Equal_4Ux2U_1U_4
        02790:         Area =     7.18  Latency = 0  Delay =    0.180ns
        00205:         Logic levels = 2
        02788:       Using cached results for HammingMatch_Equal_4Ux3U_1U_4
        02790:         Area =     9.92  Latency = 0  Delay =    0.194ns
        00205:         Logic levels = 2
        02788:       Using cached results for HammingMatch_N_Mux_2_2_2_4
        02790:         Area =     4.79  Latency = 0  Delay =    0.090ns
        00205:         Logic levels = 1
        02788:       Using cached results for HammingMatch_Equal_4Ux4U_1U_4
        02790:         Area =    11.97  Latency = 0  Delay =    0.265ns
        00205:         Logic levels = 2
        02788:       Using cached results for HammingMatch_Add_1Ux1U_2U_4
        02790:         Area =     3.76  Latency = 0  Delay =    0.111ns
        00205:         Logic levels = 1
        02788:       Using cached results for
        02788.         HammingMatch_RightShift_32Ux5U_1U_4
        02790:         Area =    66.69  Latency = 0  Delay =    0.426ns
        00205:         Logic levels = 6
        02788:       Using cached results for HammingMatch_Xor_32Ux32U_32U_4
        02790:         Area =    87.55  Latency = 0  Delay =    0.107ns
        00205:         Logic levels = 1
        02788:       Using cached results for HammingMatch_N_Mux_32_8_1_4
        02790:         Area =   333.79  Latency = 0  Delay =    0.463ns
        00205:         Logic levels = 4
        02788:       Using cached results for HammingMatch_LessThan_5Sx5S_1U_4
        02790:         Area =    21.55  Latency = 0  Delay =    0.388ns
        00205:         Logic levels = 6
        02788:       Using cached results for HammingMatch_Add_3Ux1U_4U_4
        02790:         Area =    11.29  Latency = 0  Delay =    0.205ns
        00205:         Logic levels = 3
        02788:       Using cached results for HammingMatch_OrReduction_3U_1U_4
        02790:         Area =     2.05  Latency = 0  Delay =    0.107ns
        00205:         Logic levels = 1
        02788:       Using cached results for HammingMatch_Equal_3Ux1U_1U_4
        02790:         Area =     4.45  Latency = 0  Delay =    0.190ns
        00205:         Logic levels = 2
        02788:       Using cached results for HammingMatch_Equal_3Ux2U_1U_4
        02790:         Area =     6.84  Latency = 0  Delay =    0.179ns
        00205:         Logic levels = 3
        02788:       Using cached results for HammingMatch_N_Mux_32_2_0_4
        02790:         Area =    76.61  Latency = 0  Delay =    0.090ns
        00205:         Logic levels = 1
        02788:       Using cached results for HammingMatch_Equal_3Ux3U_1U_4
        02790:         Area =     9.23  Latency = 0  Delay =    0.212ns
        00205:         Logic levels = 2
        02788:       Using cached results for HammingMatch_Not_1U_1U_1
        02790:         Area =     4.10  Latency = 0  Delay =    0.019ns
        00205:         Logic levels = 1
        02788:       Using cached results for HammingMatch_Xor_1Ux1U_1U_1
        02790:         Area =     4.45  Latency = 0  Delay =    0.071ns
        00205:         Logic levels = 2
        02788:       Using cached results for HammingMatch_Or_1Ux1U_1U_1
        02790:         Area =     4.45  Latency = 0  Delay =    0.051ns
        00205:         Logic levels = 2
        02788:       Using cached results for HammingMatch_And_1Ux1U_1U_1
        02790:         Area =     8.89  Latency = 0  Delay =    0.046ns
        00205:         Logic levels = 2
        02788:       Using cached results for HammingMatch_N_Muxb_1_2_9_1
        02790:         Area =    11.75  Latency = 0  Delay =    0.060ns
        00205:         Logic levels = 2
        02788:       Using cached results for HammingMatch_gen_busy_r_1
        02790:         Area =    18.47  Latency = 0  Delay =    0.101ns
        00205:         Logic levels = 4
        02788:       Using cached results for HammingMatch_Add_8Ux5U_9U_1
        02790:         Area =    76.95  Latency = 0  Delay =    0.281ns
        00205:         Logic levels = 7
        02788:       Using cached results for HammingMatch_Add_8Ux4U_9U_1
        02790:         Area =    76.73  Latency = 0  Delay =    0.245ns
        00205:         Logic levels = 8
        02788:       Using cached results for HammingMatch_Add_8Ux3U_9U_1
        02790:         Area =    72.76  Latency = 0  Delay =    0.244ns
        00205:         Logic levels = 8
        02788:       Using cached results for HammingMatch_Add_8Ux2U_9U_1
        02790:         Area =    57.58  Latency = 0  Delay =    0.243ns
        00205:         Logic levels = 8
        02788:       Using cached results for HammingMatch_Add_8Ux1U_9U_1
        02790:         Area =    60.09  Latency = 0  Delay =    0.197ns
        00205:         Logic levels = 5
        02788:       Using cached results for HammingMatch_N_Mux_8_2_8_1
        02790:         Area =    93.98  Latency = 0  Delay =    0.060ns
        00205:         Logic levels = 2
        02788:       Using cached results for HammingMatch_N_Mux_9_2_7_1
        02790:         Area =   105.73  Latency = 0  Delay =    0.060ns
        00205:         Logic levels = 2
        02788:       Using cached results for
        02788.         HammingMatch_LessThan_10Sx10S_1U_1
        02790:         Area =    54.38  Latency = 0  Delay =    0.311ns
        00205:         Logic levels = 7
        02788:       Using cached results for HammingMatch_LessThan_9Ux9U_1U_1
        02790:         Area =    46.17  Latency = 0  Delay =    0.246ns
        00205:         Logic levels = 6
        02788:       Using cached results for HammingMatch_Add_9Ux6U_9U_1
        02790:         Area =    91.78  Latency = 0  Delay =    0.272ns
        00205:         Logic levels = 8
        02788:       Using cached results for HammingMatch_Add_5Ux5U_6U_1
        02790:         Area =    62.36  Latency = 0  Delay =    0.210ns
        00205:         Logic levels = 5
        02788:       Using cached results for HammingMatch_Add_4Ux4U_5U_1
        02790:         Area =    48.34  Latency = 0  Delay =    0.196ns
        00205:         Logic levels = 5
        02788:       Using cached results for HammingMatch_LessThan_4Sx4S_1U_1
        02790:         Area =    23.26  Latency = 0  Delay =    0.217ns
        00205:         Logic levels = 5
        02788:       Using cached results for HammingMatch_Add_2Ux1U_3U_1
        02790:         Area =    12.77  Latency = 0  Delay =    0.098ns
        00205:         Logic levels = 2
        02788:       Using cached results for HammingMatch_OrReduction_2U_1U_1
        02790:         Area =     4.45  Latency = 0  Delay =    0.051ns
        00205:         Logic levels = 2
        02788:       Using cached results for HammingMatch_Equal_2Ux1U_1U_1
        02790:         Area =     9.23  Latency = 0  Delay =    0.089ns
        00205:         Logic levels = 3
        02788:       Using cached results for HammingMatch_N_Mux_4_2_6_1
        02790:         Area =    46.99  Latency = 0  Delay =    0.060ns
        00205:         Logic levels = 2
        02788:       Using cached results for HammingMatch_Equal_2Ux2U_1U_1
        02790:         Area =    25.65  Latency = 0  Delay =    0.097ns
        00205:         Logic levels = 4
        02788:       Using cached results for HammingMatch_Add_4Ux3U_5U_1
        02790:         Area =    45.26  Latency = 0  Delay =    0.194ns
        00205:         Logic levels = 6
        02788:       Using cached results for HammingMatch_Add_3Ux3U_4U_1
        02790:         Area =    31.58  Latency = 0  Delay =    0.162ns
        00205:         Logic levels = 4
        02788:       Using cached results for HammingMatch_N_Mux_3_4_5_1
        02790:         Area =    24.62  Latency = 0  Delay =    0.118ns
        00205:         Logic levels = 2
        02788:       Using cached results for HammingMatch_N_Mux_3_2_4_1
        02790:         Area =    35.24  Latency = 0  Delay =    0.060ns
        00205:         Logic levels = 2
        02788:       Using cached results for HammingMatch_Add_4Ux2U_5U_1
        02790:         Area =    31.58  Latency = 0  Delay =    0.192ns
        00205:         Logic levels = 5
        02788:       Using cached results for HammingMatch_Add_3Ux2U_4U_1
        02790:         Area =    29.99  Latency = 0  Delay =    0.143ns
        00205:         Logic levels = 3
        02788:       Using cached results for HammingMatch_Add_2Ux2U_3U_1
        02790:         Area =    17.56  Latency = 0  Delay =    0.140ns
        00205:         Logic levels = 3
        02788:       Using cached results for HammingMatch_N_Mux_2_8_3_1
        02790:         Area =    63.61  Latency = 0  Delay =    0.182ns
        00205:         Logic levels = 6
        02788:       Using cached results for HammingMatch_LessThan_6Sx6S_1U_1
        02790:         Area =    33.17  Latency = 0  Delay =    0.262ns
        00205:         Logic levels = 6
        02788:       Using cached results for HammingMatch_Add_4Ux1U_5U_1
        02790:         Area =    29.19  Latency = 0  Delay =    0.168ns
        00205:         Logic levels = 5
        02788:       Using cached results for HammingMatch_OrReduction_4U_1U_1
        02790:         Area =     8.89  Latency = 0  Delay =    0.068ns
        00205:         Logic levels = 2
        02788:       Using cached results for HammingMatch_Equal_4Ux1U_1U_1
        02790:         Area =    19.84  Latency = 0  Delay =    0.107ns
        00205:         Logic levels = 4
        02788:       Using cached results for HammingMatch_Equal_4Ux2U_1U_1
        02790:         Area =    40.90  Latency = 0  Delay =    0.108ns
        00205:         Logic levels = 4
        02788:       Using cached results for HammingMatch_Equal_4Ux3U_1U_1
        02790:         Area =    22.91  Latency = 0  Delay =    0.142ns
        00205:         Logic levels = 5
        02788:       Using cached results for HammingMatch_N_Mux_2_2_2_1
        02790:         Area =    23.50  Latency = 0  Delay =    0.060ns
        00205:         Logic levels = 2
        02788:       Using cached results for HammingMatch_Equal_4Ux4U_1U_1
        02790:         Area =    27.36  Latency = 0  Delay =    0.146ns
        00205:         Logic levels = 5
        02788:       Using cached results for HammingMatch_Add_1Ux1U_2U_1
        02790:         Area =     5.81  Latency = 0  Delay =    0.072ns
        00205:         Logic levels = 2
        02788:       Using cached results for
        02788.         HammingMatch_RightShift_32Ux5U_1U_1
        02790:         Area =   167.99  Latency = 0  Delay =    0.283ns
        00205:         Logic levels = 6
        02788:       Using cached results for HammingMatch_Xor_32Ux32U_32U_1
        02790:         Area =   142.27  Latency = 0  Delay =    0.071ns
        00205:         Logic levels = 2
        02788:       Using cached results for HammingMatch_N_Mux_32_8_1_1
        02790:         Area =   580.72  Latency = 0  Delay =    0.213ns
        00205:         Logic levels = 6
        02788:       Using cached results for HammingMatch_LessThan_5Sx5S_1U_1
        02790:         Area =    27.02  Latency = 0  Delay =    0.260ns
        00205:         Logic levels = 6
        02788:       Using cached results for HammingMatch_Add_3Ux1U_4U_1
        02790:         Area =    18.59  Latency = 0  Delay =    0.123ns
        00205:         Logic levels = 3
        02788:       Using cached results for HammingMatch_OrReduction_3U_1U_1
        02790:         Area =     5.47  Latency = 0  Delay =    0.068ns
        00205:         Logic levels = 1
        02788:       Using cached results for HammingMatch_Equal_3Ux1U_1U_1
        02790:         Area =    18.47  Latency = 0  Delay =    0.100ns
        00205:         Logic levels = 4
        02788:       Using cached results for HammingMatch_Equal_3Ux2U_1U_1
        02790:         Area =    31.94  Latency = 0  Delay =    0.108ns
        00205:         Logic levels = 4
        02788:       Using cached results for HammingMatch_N_Mux_32_2_0_1
        02790:         Area =   375.93  Latency = 0  Delay =    0.060ns
        00205:         Logic levels = 2
        02788:       Using cached results for HammingMatch_Equal_3Ux3U_1U_1
        02790:         Area =    31.46  Latency = 0  Delay =    0.120ns
        00205:         Logic levels = 4

        00969: Scheduling:.
        01171:   Scheduling method HammingMatch::o_best_idx_m_req_gen_prev_trig_reg
        02080:       sched_asap            off
        02080:       sched_effort          medium
        02080:       sharing_effort_parts  high
        02080:       sharing_effort_regs   high
        02080:       relax_timing          off
        02080:       power_clock_gating    off
        02080:       sched_optim_slack     none
        02080:       timing_analysis       on
        02098:     Total op count: 3
        03257:     Sharable op count: 0
        01170:     Unsharable op count: 3
        01166:     Estimated intrinsic mux area: 0
        01159:     Constraint Check Complete
        03643:     An upper limit for resource counts has been found.
        02361:     Schedule complete. Optimizing
        01230:     Optimize: pass 1.
        01230:     Optimize: pass 2

        00970: Allocation & binding:
        02974:     Generated 0 gate enable expressions for 0 operations
        02973:     Optimize clock gating - process completed
        01218:     Scheduling Resources:
        01463:       No scheduled resources (functional units) are needed.
               .
        01171:   Scheduling method HammingMatch::o_min_dist_m_req_gen_prev_trig_reg
        02080:       sched_asap            off
        02080:       sched_effort          medium
        02080:       sharing_effort_parts  high
        02080:       sharing_effort_regs   high
        02080:       relax_timing          off
        02080:       power_clock_gating    off
        02080:       sched_optim_slack     none
        02080:       timing_analysis       on
        02098:     Total op count: 3
        03257:     Sharable op count: 0
        01170:     Unsharable op count: 3
        01166:     Estimated intrinsic mux area: 0
        01159:     Constraint Check Complete
        03643:     An upper limit for resource counts has been found.
        02361:     Schedule complete. Optimizing
        01230:     Optimize: pass 1.
        01230:     Optimize: pass 2

        00970: Allocation & binding:
        02974:     Generated 0 gate enable expressions for 0 operations
        02973:     Optimize clock gating - process completed
        01218:     Scheduling Resources:
        01463:       No scheduled resources (functional units) are needed.
               .
        01171:   Scheduling method HammingMatch::o_best_idx_m_req_gen_active
        02080:       sched_asap            off
        02080:       sched_effort          medium
        02080:       sharing_effort_parts  high
        02080:       sharing_effort_regs   high
        02080:       relax_timing          off
        02080:       power_clock_gating    off
        02080:       sched_optim_slack     none
        02080:       timing_analysis       on
        02098:     Total op count: 4
        03257:     Sharable op count: 0
        01170:     Unsharable op count: 4
        01166:     Estimated intrinsic mux area: 0
        01159:     Constraint Check Complete
        03643:     An upper limit for resource counts has been found.
        02361:     Schedule complete. Optimizing
        01230:     Optimize: pass 1.

        00970: Allocation & binding:
        02974:     Generated 0 gate enable expressions for 0 operations
        02973:     Optimize clock gating - process completed
        01218:     Scheduling Resources:
        01219:                          Resource Quantity
        01220:       HammingMatch_Xor_1Ux1U_1U_1        1
               .
        01171:   Scheduling method HammingMatch::o_best_idx_gen_vld
        02080:       sched_asap            off
        02080:       sched_effort          medium
        02080:       sharing_effort_parts  high
        02080:       sharing_effort_regs   high
        02080:       relax_timing          off
        02080:       power_clock_gating    off
        02080:       sched_optim_slack     none
        02080:       timing_analysis       on
        02098:     Total op count: 4
        03257:     Sharable op count: 0
        01170:     Unsharable op count: 4
        01166:     Estimated intrinsic mux area: 0
        01159:     Constraint Check Complete
        03643:     An upper limit for resource counts has been found.
        02361:     Schedule complete. Optimizing
        01230:     Optimize: pass 1.

        00970: Allocation & binding:
        02974:     Generated 0 gate enable expressions for 0 operations
        02973:     Optimize clock gating - process completed
        01218:     Scheduling Resources:
        01219:                         Resource Quantity
        01220:       HammingMatch_Or_1Ux1U_1U_1        1
               .
        01171:   Scheduling method HammingMatch::o_best_idx_m_req_gen_next_trig_reg
        02080:       sched_asap            off
        02080:       sched_effort          medium
        02080:       sharing_effort_parts  high
        02080:       sharing_effort_regs   high
        02080:       relax_timing          off
        02080:       power_clock_gating    off
        02080:       sched_optim_slack     none
        02080:       timing_analysis       on
        02098:     Total op count: 3
        03257:     Sharable op count: 0
        01170:     Unsharable op count: 3
        01166:     Estimated intrinsic mux area: 0
        01159:     Constraint Check Complete
        03643:     An upper limit for resource counts has been found.
        02361:     Schedule complete. Optimizing
        01230:     Optimize: pass 1.

        00970: Allocation & binding:
        02974:     Generated 0 gate enable expressions for 0 operations
        02973:     Optimize clock gating - process completed
        01218:     Scheduling Resources:
        01219:                       Resource Quantity
        01220:       HammingMatch_Not_1U_1U_1        1
               .
        01171:   Scheduling method HammingMatch::o_min_dist_m_req_gen_active
        02080:       sched_asap            off
        02080:       sched_effort          medium
        02080:       sharing_effort_parts  high
        02080:       sharing_effort_regs   high
        02080:       relax_timing          off
        02080:       power_clock_gating    off
        02080:       sched_optim_slack     none
        02080:       timing_analysis       on
        02098:     Total op count: 4
        03257:     Sharable op count: 0
        01170:     Unsharable op count: 4
        01166:     Estimated intrinsic mux area: 0
        01159:     Constraint Check Complete
        03643:     An upper limit for resource counts has been found.
        02361:     Schedule complete. Optimizing
        01230:     Optimize: pass 1.

        00970: Allocation & binding:
        02974:     Generated 0 gate enable expressions for 0 operations
        02973:     Optimize clock gating - process completed
        01218:     Scheduling Resources:
        01219:                          Resource Quantity
        01220:       HammingMatch_Xor_1Ux1U_1U_1        1
               .
        01171:   Scheduling method HammingMatch::o_min_dist_gen_vld
        02080:       sched_asap            off
        02080:       sched_effort          medium
        02080:       sharing_effort_parts  high
        02080:       sharing_effort_regs   high
        02080:       relax_timing          off
        02080:       power_clock_gating    off
        02080:       sched_optim_slack     none
        02080:       timing_analysis       on
        02098:     Total op count: 4
        03257:     Sharable op count: 0
        01170:     Unsharable op count: 4
        01166:     Estimated intrinsic mux area: 0
        01159:     Constraint Check Complete
        03643:     An upper limit for resource counts has been found.
        02361:     Schedule complete. Optimizing
        01230:     Optimize: pass 1.

        00970: Allocation & binding:
        02974:     Generated 0 gate enable expressions for 0 operations
        02973:     Optimize clock gating - process completed
        01218:     Scheduling Resources:
        01219:                         Resource Quantity
        01220:       HammingMatch_Or_1Ux1U_1U_1        1
               .
        01171:   Scheduling method HammingMatch::o_min_dist_m_req_gen_next_trig_reg
        02080:       sched_asap            off
        02080:       sched_effort          medium
        02080:       sharing_effort_parts  high
        02080:       sharing_effort_regs   high
        02080:       relax_timing          off
        02080:       power_clock_gating    off
        02080:       sched_optim_slack     none
        02080:       timing_analysis       on
        02098:     Total op count: 3
        03257:     Sharable op count: 0
        01170:     Unsharable op count: 3
        01166:     Estimated intrinsic mux area: 0
        01159:     Constraint Check Complete
        03643:     An upper limit for resource counts has been found.
        02361:     Schedule complete. Optimizing
        01230:     Optimize: pass 1.

        00970: Allocation & binding:
        02974:     Generated 0 gate enable expressions for 0 operations
        02973:     Optimize clock gating - process completed
        01218:     Scheduling Resources:
        01219:                       Resource Quantity
        01220:       HammingMatch_Not_1U_1U_1        1
               .
        01171:   Scheduling method HammingMatch::i_train_gen_unvalidated_req
        02080:       sched_asap            off
        02080:       sched_effort          medium
        02080:       sharing_effort_parts  high
        02080:       sharing_effort_regs   high
        02080:       relax_timing          off
        02080:       power_clock_gating    off
        02080:       sched_optim_slack     none
        02080:       timing_analysis       on
        02098:     Total op count: 7
        03257:     Sharable op count: 0
        01170:     Unsharable op count: 7
        01166:     Estimated intrinsic mux area: 11
        01167:     at /usr/cadtool/cadence/STRATUS/STRATUS_23.02.004/share/stratus/include/cynw_p2p.h
        01167.       line 1818 estimated mux area: 11
        01168:     Symbol:i_train.m_unvalidated_req Mux inputs: 2 Width: 1 Mux
        01168.       area: 11
        01159:     Constraint Check Complete
        03643:     An upper limit for resource counts has been found.
        02361:     Schedule complete. Optimizing
        01230:     Optimize: pass 1..
        01230:     Optimize: pass 2

        00970: Allocation & binding:
        02974:     Generated 0 gate enable expressions for 0 operations
        02973:     Optimize clock gating - process completed
        01218:     Scheduling Resources:
        01219:                          Resource Quantity
        01220:       HammingMatch_N_Muxb_1_2_9_4        1
               .
        01171:   Scheduling method HammingMatch::i_train_gen_do_stall_reg_full
        02080:       sched_asap            off
        02080:       sched_effort          medium
        02080:       sharing_effort_parts  high
        02080:       sharing_effort_regs   high
        02080:       relax_timing          off
        02080:       power_clock_gating    off
        02080:       sched_optim_slack     none
        02080:       timing_analysis       on
        02098:     Total op count: 5
        03257:     Sharable op count: 0
        01170:     Unsharable op count: 5
        01166:     Estimated intrinsic mux area: 0
        01159:     Constraint Check Complete
        03643:     An upper limit for resource counts has been found.
        02361:     Schedule complete. Optimizing
        01230:     Optimize: pass 1..
        01230:     Optimize: pass 2

        00970: Allocation & binding:
        02974:     Generated 0 gate enable expressions for 0 operations
        02973:     Optimize clock gating - process completed
        01218:     Scheduling Resources:
        01219:                          Resource Quantity
        01220:       HammingMatch_And_1Ux1U_1U_4        1
               .
        01171:   Scheduling method HammingMatch::i_train_gen_do_reg_vld
        02080:       sched_asap            off
        02080:       sched_effort          medium
        02080:       sharing_effort_parts  high
        02080:       sharing_effort_regs   high
        02080:       relax_timing          off
        02080:       power_clock_gating    off
        02080:       sched_optim_slack     none
        02080:       timing_analysis       on
        02098:     Total op count: 7
        03257:     Sharable op count: 0
        01170:     Unsharable op count: 7
        01166:     Estimated intrinsic mux area: 11
        01167:     at /usr/cadtool/cadence/STRATUS/STRATUS_23.02.004/share/stratus/include/cynw_p2p.h
        01167.       line 1898 estimated mux area: 11
        01168:     Symbol:i_train.m_vld_reg Mux inputs: 2 Width: 1 Mux area: 11
        01159:     Constraint Check Complete
        03643:     An upper limit for resource counts has been found.
        02361:     Schedule complete. Optimizing
        01230:     Optimize: pass 1..
        01230:     Optimize: pass 2

        00970: Allocation & binding:
        02974:     Generated 0 gate enable expressions for 0 operations
        02973:     Optimize clock gating - process completed
        01218:     Scheduling Resources:
        01219:                          Resource Quantity
        01220:       HammingMatch_N_Muxb_1_2_9_4        1
               .
        01171:   Scheduling method HammingMatch::i_query_gen_unvalidated_req
        02080:       sched_asap            off
        02080:       sched_effort          medium
        02080:       sharing_effort_parts  high
        02080:       sharing_effort_regs   high
        02080:       relax_timing          off
        02080:       power_clock_gating    off
        02080:       sched_optim_slack     none
        02080:       timing_analysis       on
        02098:     Total op count: 7
        03257:     Sharable op count: 0
        01170:     Unsharable op count: 7
        01166:     Estimated intrinsic mux area: 11
        01167:     at /usr/cadtool/cadence/STRATUS/STRATUS_23.02.004/share/stratus/include/cynw_p2p.h
        01167.       line 1818 estimated mux area: 11
        01168:     Symbol:i_query.m_unvalidated_req Mux inputs: 2 Width: 1 Mux
        01168.       area: 11
        01159:     Constraint Check Complete
        03643:     An upper limit for resource counts has been found.
        02361:     Schedule complete. Optimizing
        01230:     Optimize: pass 1..
        01230:     Optimize: pass 2

        00970: Allocation & binding:
        02974:     Generated 0 gate enable expressions for 0 operations
        02973:     Optimize clock gating - process completed
        01218:     Scheduling Resources:
        01219:                          Resource Quantity
        01220:       HammingMatch_N_Muxb_1_2_9_4        1
               .
        01171:   Scheduling method HammingMatch::i_query_gen_do_stall_reg_full
        02080:       sched_asap            off
        02080:       sched_effort          medium
        02080:       sharing_effort_parts  high
        02080:       sharing_effort_regs   high
        02080:       relax_timing          off
        02080:       power_clock_gating    off
        02080:       sched_optim_slack     none
        02080:       timing_analysis       on
        02098:     Total op count: 5
        03257:     Sharable op count: 0
        01170:     Unsharable op count: 5
        01166:     Estimated intrinsic mux area: 0
        01159:     Constraint Check Complete
        03643:     An upper limit for resource counts has been found.
        02361:     Schedule complete. Optimizing
        01230:     Optimize: pass 1..
        01230:     Optimize: pass 2

        00970: Allocation & binding:
        02974:     Generated 0 gate enable expressions for 0 operations
        02973:     Optimize clock gating - process completed
        01218:     Scheduling Resources:
        01219:                          Resource Quantity
        01220:       HammingMatch_And_1Ux1U_1U_4        1

WARNING 01120: at ../HammingMatch.cpp line 75
WARNING 01120.   Unexpected use of latency constraint "xor_lat". The
WARNING 01120.   constrained block contains one or more nested loops [that have
WARNING 01120.   not been unrolled]. One iteration of each loop body is counted
WARNING 01120.   toward the constrained delay.
   NOTE 02392:   at ../HammingMatch.cpp line 6 (in popcnt32())
   NOTE 02392.       called from line 79
   NOTE 02392.     This loop is nested in "xor_lat".
   NOTE 02392:   at ../HammingMatch.cpp line 11 (in popcnt32())
   NOTE 02392.       called from line 79
   NOTE 02392.     This loop is nested in "xor_lat".
   NOTE 02392:   at ../HammingMatch.cpp line 16 (in popcnt32())
   NOTE 02392.       called from line 79
   NOTE 02392.     This loop is nested in "xor_lat".
               .
        01171:   Scheduling thread HammingMatch::do_match
        02080:       sched_asap            off
        02080:       sched_effort          medium
        02080:       sharing_effort_parts  high
        02080:       sharing_effort_regs   high
        02080:       relax_timing          off
        02080:       power_clock_gating    off
        02080:       sched_optim_slack     none
        02080:       timing_analysis       on
        00907: ........................................................................
        00907: . Loop carried dependencies report for loop:     HammingMatch.cpp:50:3 .
        00907: .                                                                      .
        00907: . Loop carried variables                                               .
        00907: . -------------------------                                            .
        00907: . qword[7]                                                             .
        00907: . qword[6]                                                             .
        00907: . qword[5]                                                             .
        00907: . qword[4]                                                             .
        00907: . qword[3]                                                             .
        00907: . qword[2]                                                             .
        00907: . qword[1]                                                             .
        00907: . qword[0]                                                             .
        00907: . q                                                                    .
        00907: .                                                                      .
        00907: . Total loop carried dependencies: 9                                   .
        00907: ........................................................................
        00907: ........................................................................
        00907: . Loop carried dependencies report for loop:     HammingMatch.cpp:53:5 .
        00907: .                                                                      .
        00907: . Loop carried variables                                               .
        00907: . -------------------------                                            .
        00907: . qword[7]                                                             .
        00907: . qword[6]                                                             .
        00907: . qword[5]                                                             .
        00907: . qword[4]                                                             .
        00907: . qword[3]                                                             .
        00907: . qword[2]                                                             .
        00907: . qword[1]                                                             .
        00907: . qword[0]                                                             .
        00907: . w                                                                    .
        00907: .                                                                      .
        00907: . Total loop carried dependencies: 9                                   .
        00907: ........................................................................
        00907: ........................................................................
        00907: . Loop carried dependencies report for loop:     HammingMatch.cpp:63:5 .
        00907: .                                                                      .
        00907: . Loop carried variables                                               .
        00907: . -------------------------                                            .
        00907: . min_dist                                                             .
        00907: . best_idx                                                             .
        00907: . d                                                                    .
        00907: .                                                                      .
        00907: . Total loop carried dependencies: 3                                   .
        00907: ........................................................................
        00907: ........................................................................
        00907: . Loop carried dependencies report for loop:     HammingMatch.cpp:66:7 .
        00907: .                                                                      .
        00907: . Loop carried variables                                               .
        00907: . -------------------------                                            .
        00907: . dist                                                                 .
        00907: . w                                                                    .
        00907: .                                                                      .
        00907: . Total loop carried dependencies: 2                                   .
        00907: ........................................................................
        00907: ........................................................................
        00907: . Loop carried dependencies report for loop:     HammingMatch.cpp:6:27 .
        00907: .                                                                      .
        00907: . Loop carried variables                                               .
        00907: . -------------------------                                            .
        00907: . popcnt32::L0[0]                                                      .
        00907: . popcnt32::L0[1]                                                      .
        00907: . popcnt32::L0[2]                                                      .
        00907: . popcnt32::L0[3]                                                      .
        00907: . popcnt32::L0[4]                                                      .
        00907: . popcnt32::L0[5]                                                      .
        00907: . popcnt32::L0[6]                                                      .
        00907: . popcnt32::L0[7]                                                      .
        00907: . popcnt32::L0[8]                                                      .
        00907: . popcnt32::L0[9]                                                      .
        00907: . popcnt32::L0[10]                                                     .
        00907: . popcnt32::L0[11]                                                     .
        00907: . popcnt32::L0[12]                                                     .
        00907: . popcnt32::L0[13]                                                     .
        00907: . popcnt32::L0[14]                                                     .
        00907: . popcnt32::L0[15]                                                     .
        00907: . popcnt32::i                                                          .
        00907: .                                                                      .
        00907: . Total loop carried dependencies: 17                                  .
        00907: ........................................................................
        00907: .........................................................................
        00907: . Loop carried dependencies report for loop:     HammingMatch.cpp:11:26 .
        00907: .                                                                       .
        00907: . Loop carried variables                                                .
        00907: . -------------------------                                             .
        00907: . popcnt32::L1[0]                                                       .
        00907: . popcnt32::L1[1]                                                       .
        00907: . popcnt32::L1[2]                                                       .
        00907: . popcnt32::L1[3]                                                       .
        00907: . popcnt32::L1[4]                                                       .
        00907: . popcnt32::L1[5]                                                       .
        00907: . popcnt32::L1[6]                                                       .
        00907: . popcnt32::L1[7]                                                       .
        00907: . popcnt32::i                                                           .
        00907: .                                                                       .
        00907: . Total loop carried dependencies: 9                                    .
        00907: .........................................................................
        00907: .........................................................................
        00907: . Loop carried dependencies report for loop:     HammingMatch.cpp:16:26 .
        00907: .                                                                       .
        00907: . Loop carried variables                                                .
        00907: . -------------------------                                             .
        00907: . popcnt32::L2[0]                                                       .
        00907: . popcnt32::L2[1]                                                       .
        00907: . popcnt32::L2[2]                                                       .
        00907: . popcnt32::L2[3]                                                       .
        00907: . popcnt32::i                                                           .
        00907: .                                                                       .
        00907: . Total loop carried dependencies: 5                                    .
        00907: .........................................................................
        00907: .......................................................
        00907: . Loop carried dependencies report for loop:     :0:0 .
        00907: .                                                     .
        00907: . <No loop carried dependencies found>                .
        00907: .......................................................
        02098:     Total op count: 242
        03257:     Sharable op count: 18
        01170:     Unsharable op count: 224
        01166:     Estimated intrinsic mux area: 4784
        01167:     at ../HammingMatch.cpp line 78 estimated mux area: 580
        01168:     Symbol:xored_CynTemp_173001 Mux inputs: 8 Width: 32 Mux
        01168.       area: 580
        01167:     at ../HammingMatch.cpp line 56 estimated mux area: 375
        01168:     Symbol:qword[7] Mux inputs: 2 Width: 32 Mux area: 375
        01167:     at ../HammingMatch.cpp line 56 estimated mux area: 375
        01168:     Symbol:qword[6] Mux inputs: 2 Width: 32 Mux area: 375
        01167:     at ../HammingMatch.cpp line 56 estimated mux area: 375
        01168:     Symbol:qword[5] Mux inputs: 2 Width: 32 Mux area: 375
        01167:     at ../HammingMatch.cpp line 56 estimated mux area: 375
        01168:     Symbol:qword[4] Mux inputs: 2 Width: 32 Mux area: 375
        01167:     at ../HammingMatch.cpp line 56 estimated mux area: 375
        01168:     Symbol:qword[3] Mux inputs: 2 Width: 32 Mux area: 375
        01167:     at ../HammingMatch.cpp line 56 estimated mux area: 375
        01168:     Symbol:qword[2] Mux inputs: 2 Width: 32 Mux area: 375
        01167:     at ../HammingMatch.cpp line 56 estimated mux area: 375
        01168:     Symbol:qword[1] Mux inputs: 2 Width: 32 Mux area: 375
        01167:     at ../HammingMatch.cpp line 56 estimated mux area: 375
        01168:     Symbol:qword[0] Mux inputs: 2 Width: 32 Mux area: 375
        01167:     at ../HammingMatch.cpp line 83 estimated mux area: 105
        01168:     Symbol:min_dist Mux inputs: 2 Width: 9 Mux area: 105
        01167:     at ../HammingMatch.cpp line 83 estimated mux area: 93
        01168:     Symbol:best_idx Mux inputs: 2 Width: 8 Mux area: 93
        01167:     at ../HammingMatch.cpp line 12 estimated mux area: 63
        01168:     Symbol:popcnt32::L0.popcnt32 Mux inputs: 8 Width: 2 Mux
        01168.       area: 63
        01167:     at ../HammingMatch.cpp line 12 estimated mux area: 63
        01168:     Symbol:popcnt32::L0.popcnt32 Mux inputs: 8 Width: 2 Mux
        01168.       area: 63
        01167:     at ../HammingMatch.cpp line 17 estimated mux area: 46
        01168:     Symbol:popcnt32::L2[3] Mux inputs: 2 Width: 4 Mux area: 46
        01167:     at ../HammingMatch.cpp line 17 estimated mux area: 46
        01168:     Symbol:popcnt32::L2[2] Mux inputs: 2 Width: 4 Mux area: 46
        01167:     at ../HammingMatch.cpp line 17 estimated mux area: 46
        01168:     Symbol:popcnt32::L2[1] Mux inputs: 2 Width: 4 Mux area: 46
        01167:     at ../HammingMatch.cpp line 17 estimated mux area: 46
        01168:     Symbol:popcnt32::L2[0] Mux inputs: 2 Width: 4 Mux area: 46
        01167:     at ../HammingMatch.cpp line 12 estimated mux area: 35
        01168:     Symbol:popcnt32::L1[7] Mux inputs: 2 Width: 3 Mux area: 35
        01167:     at ../HammingMatch.cpp line 12 estimated mux area: 35
        01168:     Symbol:popcnt32::L1[6] Mux inputs: 2 Width: 3 Mux area: 35
        01167:     at ../HammingMatch.cpp line 12 estimated mux area: 35
        01168:     Symbol:popcnt32::L1[5] Mux inputs: 2 Width: 3 Mux area: 35
        01167:     at ../HammingMatch.cpp line 12 estimated mux area: 35
        01168:     Symbol:popcnt32::L1[4] Mux inputs: 2 Width: 3 Mux area: 35
        01167:     at ../HammingMatch.cpp line 12 estimated mux area: 35
        01168:     Symbol:popcnt32::L1[3] Mux inputs: 2 Width: 3 Mux area: 35
        01167:     at ../HammingMatch.cpp line 12 estimated mux area: 35
        01168:     Symbol:popcnt32::L1[2] Mux inputs: 2 Width: 3 Mux area: 35
        01167:     at ../HammingMatch.cpp line 12 estimated mux area: 35
        01168:     Symbol:popcnt32::L1[1] Mux inputs: 2 Width: 3 Mux area: 35
        01167:     at ../HammingMatch.cpp line 12 estimated mux area: 35
        01168:     Symbol:popcnt32::L1[0] Mux inputs: 2 Width: 3 Mux area: 35
        01167:     at ../HammingMatch.cpp line 17 estimated mux area: 24
        01168:     Symbol:popcnt32::L1.popcnt32 Mux inputs: 4 Width: 3 Mux
        01168.       area: 24
        01167:     at ../HammingMatch.cpp line 17 estimated mux area: 24
        01168:     Symbol:popcnt32::L1.popcnt32 Mux inputs: 4 Width: 3 Mux
        01168.       area: 24
        01167:     at ../HammingMatch.cpp line 7 estimated mux area: 23
        01168:     Symbol:popcnt32::L0[15] Mux inputs: 2 Width: 2 Mux area: 23
        01167:     at ../HammingMatch.cpp line 7 estimated mux area: 23
        01168:     Symbol:popcnt32::L0[14] Mux inputs: 2 Width: 2 Mux area: 23
        01167:     at ../HammingMatch.cpp line 7 estimated mux area: 23
        01168:     Symbol:popcnt32::L0[13] Mux inputs: 2 Width: 2 Mux area: 23
        01167:     at ../HammingMatch.cpp line 7 estimated mux area: 23
        01168:     Symbol:popcnt32::L0[12] Mux inputs: 2 Width: 2 Mux area: 23
        01167:     at ../HammingMatch.cpp line 7 estimated mux area: 23
        01168:     Symbol:popcnt32::L0[11] Mux inputs: 2 Width: 2 Mux area: 23
        01167:     at ../HammingMatch.cpp line 7 estimated mux area: 23
        01168:     Symbol:popcnt32::L0[10] Mux inputs: 2 Width: 2 Mux area: 23
        01167:     at ../HammingMatch.cpp line 7 estimated mux area: 23
        01168:     Symbol:popcnt32::L0[9] Mux inputs: 2 Width: 2 Mux area: 23
        01167:     at ../HammingMatch.cpp line 7 estimated mux area: 23
        01168:     Symbol:popcnt32::L0[8] Mux inputs: 2 Width: 2 Mux area: 23
        01167:     at ../HammingMatch.cpp line 7 estimated mux area: 23
        01168:     Symbol:popcnt32::L0[7] Mux inputs: 2 Width: 2 Mux area: 23
        01167:     at ../HammingMatch.cpp line 7 estimated mux area: 23
        01168:     Symbol:popcnt32::L0[6] Mux inputs: 2 Width: 2 Mux area: 23
        01167:     at ../HammingMatch.cpp line 7 estimated mux area: 23
        01168:     Symbol:popcnt32::L0[5] Mux inputs: 2 Width: 2 Mux area: 23
        01167:     at ../HammingMatch.cpp line 7 estimated mux area: 23
        01168:     Symbol:popcnt32::L0[4] Mux inputs: 2 Width: 2 Mux area: 23
        01167:     at ../HammingMatch.cpp line 7 estimated mux area: 23
        01168:     Symbol:popcnt32::L0[3] Mux inputs: 2 Width: 2 Mux area: 23
        01167:     at ../HammingMatch.cpp line 7 estimated mux area: 23
        01168:     Symbol:popcnt32::L0[2] Mux inputs: 2 Width: 2 Mux area: 23
        01167:     at ../HammingMatch.cpp line 7 estimated mux area: 23
        01168:     Symbol:popcnt32::L0[1] Mux inputs: 2 Width: 2 Mux area: 23
        01167:     at ../HammingMatch.cpp line 7 estimated mux area: 23
        01168:     Symbol:popcnt32::L0[0] Mux inputs: 2 Width: 2 Mux area: 23
        01156:     "qword_lat" is achievable in 2 cycle(s).
        01156:     "tword_lat" is achievable in 2 cycle(s).
        01156:     "xor_lat" is achievable in 1 cycle(s).
        01159:     Constraint Check Complete
        01117:     Initialized resource counts
        03643:     An upper limit for resource counts has been found.
        03641:     Scheduler => Decreasing resource :
        03641.       HammingMatch_Equal_3Ux1U_1U_1 instances: 3 -> 2
        02361:     Schedule complete. Optimizing
        01230:     Optimize: pass 1..
        01230:     Optimize: pass 2.

        00970: Allocation & binding:
        02974:     Generated 0 gate enable expressions for 0 operations
        02973:     Optimize clock gating - process completed
        01130:     Latency of loop "qword_lat" is 2.
        01130:     Latency of loop "tword_lat" is 2.
        01130:     Latency of loop "xor_lat" is 6.

WARNING 01133: at ../HammingMatch.cpp line 75
WARNING 01133.   Constraint "xor_lat" contains nested loop(s) that are not
WARNING 01133.   completely unrolled. The reported latency includes only one
WARNING 01133.   iteration of each nested loop.

        01218:     Scheduling Resources:
        01219:                                  Resource Quantity
        01220:                HammingMatch_N_Mux_2_2_2_1       16
        01220:             HammingMatch_Equal_3Ux3U_1U_1        8
        01220:             HammingMatch_Equal_4Ux4U_1U_1        8
        01220:               HammingMatch_N_Mux_32_2_0_4        8
        01220:                HammingMatch_N_Mux_3_2_4_1        8
        01220:             HammingMatch_Equal_3Ux2U_1U_1        4
        01220:             HammingMatch_Equal_4Ux3U_1U_1        4
        01220:                HammingMatch_N_Mux_4_2_6_1        4
        01220:             HammingMatch_Equal_2Ux2U_1U_1        2
        01220:             HammingMatch_Equal_3Ux1U_1U_1        2
        01220:             HammingMatch_Equal_4Ux2U_1U_1        2
        01220:                HammingMatch_N_Mux_2_8_3_1        2
        01220:                HammingMatch_N_Mux_3_4_5_1        2
        01220:          HammingMatch_OrReduction_3U_1U_1        2
        01220:       HammingMatch_RightShift_32Ux5U_1U_1        2
        01220:               HammingMatch_Add_1Ux1U_2U_1        1
        01220:               HammingMatch_Add_2Ux2U_3U_1        1
        01220:               HammingMatch_Add_3Ux3U_4U_1        1
        01220:               HammingMatch_Add_9Ux6U_9U_1        1
        01220:             HammingMatch_Equal_2Ux1U_1U_1        1
        01220:             HammingMatch_Equal_4Ux1U_1U_1        1
        01220:        HammingMatch_LessThan_10Sx10S_1U_1        1
        01220:          HammingMatch_LessThan_9Ux9U_1U_1        1
        01220:               HammingMatch_N_Mux_32_8_1_1        1
        01220:                HammingMatch_N_Mux_8_2_8_1        1
        01220:                HammingMatch_N_Mux_9_2_7_1        1
        01220:          HammingMatch_OrReduction_2U_1U_1        1
        01220:          HammingMatch_OrReduction_4U_1U_1        1
        01220:            HammingMatch_Xor_32Ux32U_32U_1        1
               .
        01171:   Scheduling method HammingMatch::o_best_idx_gen_stalling
        02080:       sched_asap            off
        02080:       sched_effort          medium
        02080:       sharing_effort_parts  high
        02080:       sharing_effort_regs   high
        02080:       relax_timing          off
        02080:       power_clock_gating    off
        02080:       sched_optim_slack     none
        02080:       timing_analysis       on
        02098:     Total op count: 4
        03257:     Sharable op count: 0
        01170:     Unsharable op count: 4
        01166:     Estimated intrinsic mux area: 0
        01159:     Constraint Check Complete
        03643:     An upper limit for resource counts has been found.
        02361:     Schedule complete. Optimizing
        01230:     Optimize: pass 1..
        01230:     Optimize: pass 2

        00970: Allocation & binding:
        02974:     Generated 0 gate enable expressions for 0 operations
        02973:     Optimize clock gating - process completed
        01218:     Scheduling Resources:
        01219:                          Resource Quantity
        01220:       HammingMatch_And_1Ux1U_1U_4        1
               .
        01171:   Scheduling method HammingMatch::o_best_idx_gen_unacked_req
        02080:       sched_asap            off
        02080:       sched_effort          medium
        02080:       sharing_effort_parts  high
        02080:       sharing_effort_regs   high
        02080:       relax_timing          off
        02080:       power_clock_gating    off
        02080:       sched_optim_slack     none
        02080:       timing_analysis       on
        02098:     Total op count: 3
        03257:     Sharable op count: 0
        01170:     Unsharable op count: 3
        01166:     Estimated intrinsic mux area: 0
        01159:     Constraint Check Complete
        03643:     An upper limit for resource counts has been found.
        02361:     Schedule complete. Optimizing
        01230:     Optimize: pass 1.
        01230:     Optimize: pass 2

        00970: Allocation & binding:
        02974:     Generated 0 gate enable expressions for 0 operations
        02973:     Optimize clock gating - process completed
        01218:     Scheduling Resources:
        01463:       No scheduled resources (functional units) are needed.
               .
        01171:   Scheduling method HammingMatch::o_min_dist_gen_stalling
        02080:       sched_asap            off
        02080:       sched_effort          medium
        02080:       sharing_effort_parts  high
        02080:       sharing_effort_regs   high
        02080:       relax_timing          off
        02080:       power_clock_gating    off
        02080:       sched_optim_slack     none
        02080:       timing_analysis       on
        02098:     Total op count: 4
        03257:     Sharable op count: 0
        01170:     Unsharable op count: 4
        01166:     Estimated intrinsic mux area: 0
        01159:     Constraint Check Complete
        03643:     An upper limit for resource counts has been found.
        02361:     Schedule complete. Optimizing
        01230:     Optimize: pass 1..
        01230:     Optimize: pass 2

        00970: Allocation & binding:
        02974:     Generated 0 gate enable expressions for 0 operations
        02973:     Optimize clock gating - process completed
        01218:     Scheduling Resources:
        01219:                          Resource Quantity
        01220:       HammingMatch_And_1Ux1U_1U_4        1
               .
        01171:   Scheduling method HammingMatch::o_min_dist_gen_unacked_req
        02080:       sched_asap            off
        02080:       sched_effort          medium
        02080:       sharing_effort_parts  high
        02080:       sharing_effort_regs   high
        02080:       relax_timing          off
        02080:       power_clock_gating    off
        02080:       sched_optim_slack     none
        02080:       timing_analysis       on
        02098:     Total op count: 3
        03257:     Sharable op count: 0
        01170:     Unsharable op count: 3
        01166:     Estimated intrinsic mux area: 0
        01159:     Constraint Check Complete
        03643:     An upper limit for resource counts has been found.
        02361:     Schedule complete. Optimizing
        01230:     Optimize: pass 1.
        01230:     Optimize: pass 2

        00970: Allocation & binding:
        02974:     Generated 0 gate enable expressions for 0 operations
        02973:     Optimize clock gating - process completed
        01218:     Scheduling Resources:
        01463:       No scheduled resources (functional units) are needed.
               .
        01171:   Scheduling method HammingMatch::i_query_gen_do_reg_vld
        02080:       sched_asap            off
        02080:       sched_effort          medium
        02080:       sharing_effort_parts  high
        02080:       sharing_effort_regs   high
        02080:       relax_timing          off
        02080:       power_clock_gating    off
        02080:       sched_optim_slack     none
        02080:       timing_analysis       on
        02098:     Total op count: 7
        03257:     Sharable op count: 0
        01170:     Unsharable op count: 7
        01166:     Estimated intrinsic mux area: 11
        01167:     at /usr/cadtool/cadence/STRATUS/STRATUS_23.02.004/share/stratus/include/cynw_p2p.h
        01167.       line 1898 estimated mux area: 11
        01168:     Symbol:i_query.m_vld_reg Mux inputs: 2 Width: 1 Mux area: 11
        01159:     Constraint Check Complete
        03643:     An upper limit for resource counts has been found.
        02361:     Schedule complete. Optimizing
        01230:     Optimize: pass 1..
        01230:     Optimize: pass 2

        00970: Allocation & binding:
        02974:     Generated 0 gate enable expressions for 0 operations
        02973:     Optimize clock gating - process completed
        01218:     Scheduling Resources:
        01219:                          Resource Quantity
        01220:       HammingMatch_N_Muxb_1_2_9_4        1
               .
        01171:   Scheduling method HammingMatch::i_train_gen_busy
        02080:       sched_asap            off
        02080:       sched_effort          medium
        02080:       sharing_effort_parts  high
        02080:       sharing_effort_regs   high
        02080:       relax_timing          off
        02080:       power_clock_gating    off
        02080:       sched_optim_slack     none
        02080:       timing_analysis       on
        02098:     Total op count: 11
        03257:     Sharable op count: 0
        01170:     Unsharable op count: 11
        01166:     Estimated intrinsic mux area: 0
        01159:     Constraint Check Complete
        03643:     An upper limit for resource counts has been found.
        02361:     Schedule complete. Optimizing
        01230:     Optimize: pass 1.

        00970: Allocation & binding:
        02974:     Generated 0 gate enable expressions for 0 operations
        02973:     Optimize clock gating - process completed
        01218:     Scheduling Resources:
        01219:                        Resource Quantity
        01220:       HammingMatch_gen_busy_r_1        1
               .
        01171:   Scheduling method HammingMatch::i_query_gen_busy
        02080:       sched_asap            off
        02080:       sched_effort          medium
        02080:       sharing_effort_parts  high
        02080:       sharing_effort_regs   high
        02080:       relax_timing          off
        02080:       power_clock_gating    off
        02080:       sched_optim_slack     none
        02080:       timing_analysis       on
        02098:     Total op count: 11
        03257:     Sharable op count: 0
        01170:     Unsharable op count: 11
        01166:     Estimated intrinsic mux area: 0
        01159:     Constraint Check Complete
        03643:     An upper limit for resource counts has been found.
        02361:     Schedule complete. Optimizing
        01230:     Optimize: pass 1.

        00970: Allocation & binding:
        02974:     Generated 0 gate enable expressions for 0 operations
        02973:     Optimize clock gating - process completed
        01218:     Scheduling Resources:
        01219:                        Resource Quantity
        01220:       HammingMatch_gen_busy_r_1        1

        02918: RTL Generation & Optimization:
        02917:   Preparing method HammingMatch::o_best_idx_m_req_gen_prev_trig_reg
        02917.     for final RTL output
        01006:     States: 2
        01677:     Building RTL structures, pass 1
        01677:     Building RTL structures, pass 2

               ............................................................
               .                                                          .
        00802: . Allocation Report for method "o_best_idx_m_req_gen_prev_trig_reg": .
        00805: .                              Area/Instance               .
        00805: .                        ------------------------    Total .
        00805: .       Resource  Count    Seq(#FF)    Comb    BB     Area .
        00805: . --------------  -----  ----------  ------  ----  ------- .
        00810: . implicit muxes                                       2.9 .
        00808: .      registers      1                                    .
        00809: .  register bits      1    5.5(1)       0.0            5.5 .
        00811: . -------------------------------------------------------- .
        00812: .     Total Area           5.5(1)       2.9   0.0      8.3 .
               .                                                          .
               ............................................................


        01677:     Building RTL structures, pass 3
        02917:   Preparing method HammingMatch::o_min_dist_m_req_gen_prev_trig_reg
        02917.     for final RTL output
        01006:     States: 2
        01677:     Building RTL structures, pass 1
        01677:     Building RTL structures, pass 2

               ............................................................
               .                                                          .
        00802: . Allocation Report for method "o_min_dist_m_req_gen_prev_trig_reg": .
        00805: .                              Area/Instance               .
        00805: .                        ------------------------    Total .
        00805: .       Resource  Count    Seq(#FF)    Comb    BB     Area .
        00805: . --------------  -----  ----------  ------  ----  ------- .
        00810: . implicit muxes                                       2.9 .
        00808: .      registers      1                                    .
        00809: .  register bits      1    5.5(1)       0.0            5.5 .
        00811: . -------------------------------------------------------- .
        00812: .     Total Area           5.5(1)       2.9   0.0      8.3 .
               .                                                          .
               ............................................................


        01677:     Building RTL structures, pass 3
        02917:   Preparing method HammingMatch::o_best_idx_m_req_gen_active for
        02917.     final RTL output
        01006:     States: 2
        01677:     Building RTL structures, pass 1
        01677:     Building RTL structures, pass 2

               .........................................................................
               .                                                                       .
        00802: . Allocation Report for method "o_best_idx_m_req_gen_active":           .
        00805: .                                           Area/Instance               .
        00805: .                                     ------------------------    Total .
        00805: .                    Resource  Count    Seq(#FF)    Comb    BB     Area .
        00805: . ---------------------------  -----  ----------  ------  ----  ------- .
        00807: . HammingMatch_Xor_1Ux1U_1U_1      1                 4.4            4.4 .
        00810: .              implicit muxes                                       0.0 .
        00808: .                   registers      0                                    .
        00809: .               register bits      0    5.5(1)       0.0            0.0 .
        00811: . --------------------------------------------------------------------- .
        00812: .                  Total Area           0.0(0)       4.4   0.0      4.4 .
               .                                                                       .
               .........................................................................


        01677:     Building RTL structures, pass 3
        02917:   Preparing method HammingMatch::o_best_idx_gen_vld for final
        02917.     RTL output
        01006:     States: 2
        01677:     Building RTL structures, pass 1
        01677:     Building RTL structures, pass 2

               ........................................................................
               .                                                                      .
        00802: . Allocation Report for method "o_best_idx_gen_vld":                   .
        00805: .                                          Area/Instance               .
        00805: .                                    ------------------------    Total .
        00805: .                   Resource  Count    Seq(#FF)    Comb    BB     Area .
        00805: . --------------------------  -----  ----------  ------  ----  ------- .
        00807: . HammingMatch_Or_1Ux1U_1U_4      1                 1.4            1.4 .
        00810: .             implicit muxes                                       0.0 .
        00808: .                  registers      0                                    .
        00809: .              register bits      0    5.5(1)       0.0            0.0 .
        00811: . -------------------------------------------------------------------- .
        00812: .                 Total Area           0.0(0)       1.4   0.0      1.4 .
               .                                                                      .
               ........................................................................


        01677:     Building RTL structures, pass 3
        02917:   Preparing method HammingMatch::o_best_idx_m_req_gen_next_trig_reg
        02917.     for final RTL output
        01006:     States: 2
        01677:     Building RTL structures, pass 1
        01677:     Building RTL structures, pass 2

               ......................................................................
               .                                                                    .
        00802: . Allocation Report for method "o_best_idx_m_req_gen_next_trig_reg": .
        00805: .                                        Area/Instance               .
        00805: .                                  ------------------------    Total .
        00805: .                 Resource  Count    Seq(#FF)    Comb    BB     Area .
        00805: . ------------------------  -----  ----------  ------  ----  ------- .
        00807: . HammingMatch_Not_1U_1U_1      1                 4.1            4.1 .
        00810: .           implicit muxes                                       0.0 .
        00808: .                registers      0                                    .
        00809: .            register bits      0    5.5(1)       0.0            0.0 .
        00811: . ------------------------------------------------------------------ .
        00812: .               Total Area           0.0(0)       4.1   0.0      4.1 .
               .                                                                    .
               ......................................................................


        01677:     Building RTL structures, pass 3
        02917:   Preparing method HammingMatch::o_min_dist_m_req_gen_active for
        02917.     final RTL output
        01006:     States: 2
        01677:     Building RTL structures, pass 1
        01677:     Building RTL structures, pass 2

               .........................................................................
               .                                                                       .
        00802: . Allocation Report for method "o_min_dist_m_req_gen_active":           .
        00805: .                                           Area/Instance               .
        00805: .                                     ------------------------    Total .
        00805: .                    Resource  Count    Seq(#FF)    Comb    BB     Area .
        00805: . ---------------------------  -----  ----------  ------  ----  ------- .
        00807: . HammingMatch_Xor_1Ux1U_1U_1      1                 4.4            4.4 .
        00810: .              implicit muxes                                       0.0 .
        00808: .                   registers      0                                    .
        00809: .               register bits      0    5.5(1)       0.0            0.0 .
        00811: . --------------------------------------------------------------------- .
        00812: .                  Total Area           0.0(0)       4.4   0.0      4.4 .
               .                                                                       .
               .........................................................................


        01677:     Building RTL structures, pass 3
        02917:   Preparing method HammingMatch::o_min_dist_gen_vld for final
        02917.     RTL output
        01006:     States: 2
        01677:     Building RTL structures, pass 1
        01677:     Building RTL structures, pass 2

               ........................................................................
               .                                                                      .
        00802: . Allocation Report for method "o_min_dist_gen_vld":                   .
        00805: .                                          Area/Instance               .
        00805: .                                    ------------------------    Total .
        00805: .                   Resource  Count    Seq(#FF)    Comb    BB     Area .
        00805: . --------------------------  -----  ----------  ------  ----  ------- .
        00807: . HammingMatch_Or_1Ux1U_1U_4      1                 1.4            1.4 .
        00810: .             implicit muxes                                       0.0 .
        00808: .                  registers      0                                    .
        00809: .              register bits      0    5.5(1)       0.0            0.0 .
        00811: . -------------------------------------------------------------------- .
        00812: .                 Total Area           0.0(0)       1.4   0.0      1.4 .
               .                                                                      .
               ........................................................................


        01677:     Building RTL structures, pass 3
        02917:   Preparing method HammingMatch::o_min_dist_m_req_gen_next_trig_reg
        02917.     for final RTL output
        01006:     States: 2
        01677:     Building RTL structures, pass 1
        01677:     Building RTL structures, pass 2

               ......................................................................
               .                                                                    .
        00802: . Allocation Report for method "o_min_dist_m_req_gen_next_trig_reg": .
        00805: .                                        Area/Instance               .
        00805: .                                  ------------------------    Total .
        00805: .                 Resource  Count    Seq(#FF)    Comb    BB     Area .
        00805: . ------------------------  -----  ----------  ------  ----  ------- .
        00807: . HammingMatch_Not_1U_1U_1      1                 4.1            4.1 .
        00810: .           implicit muxes                                       0.0 .
        00808: .                registers      0                                    .
        00809: .            register bits      0    5.5(1)       0.0            0.0 .
        00811: . ------------------------------------------------------------------ .
        00812: .               Total Area           0.0(0)       4.1   0.0      4.1 .
               .                                                                    .
               ......................................................................


        01677:     Building RTL structures, pass 3
        02917:   Preparing method HammingMatch::i_train_gen_unvalidated_req for
        02917.     final RTL output
        01006:     States: 2
        01677:     Building RTL structures, pass 1
        01677:     Building RTL structures, pass 2

               .........................................................................
               .                                                                       .
        00802: . Allocation Report for method "i_train_gen_unvalidated_req":           .
        00805: .                                           Area/Instance               .
        00805: .                                     ------------------------    Total .
        00805: .                    Resource  Count    Seq(#FF)    Comb    BB     Area .
        00805: . ---------------------------  -----  ----------  ------  ----  ------- .
        00807: . HammingMatch_N_Muxb_1_2_9_4      1                 2.4            2.4 .
        00810: .              implicit muxes                                       2.9 .
        00808: .                   registers      1                                    .
        00809: .               register bits      1    5.5(1)       0.0            5.5 .
        00811: . --------------------------------------------------------------------- .
        00812: .                  Total Area           5.5(1)       5.3   0.0     10.7 .
               .                                                                       .
               .........................................................................


        01677:     Building RTL structures, pass 3
        02917:   Preparing method HammingMatch::i_train_gen_do_stall_reg_full
        02917.     for final RTL output
        01006:     States: 2
        01677:     Building RTL structures, pass 1
        01677:     Building RTL structures, pass 2

               .........................................................................
               .                                                                       .
        00802: . Allocation Report for method "i_train_gen_do_stall_reg_full":         .
        00805: .                                           Area/Instance               .
        00805: .                                     ------------------------    Total .
        00805: .                    Resource  Count    Seq(#FF)    Comb    BB     Area .
        00805: . ---------------------------  -----  ----------  ------  ----  ------- .
        00807: . HammingMatch_And_1Ux1U_1U_4      1                 1.4            1.4 .
        00810: .              implicit muxes                                       2.9 .
        00808: .                   registers      1                                    .
        00809: .               register bits      1    5.5(1)       0.0            5.5 .
        00811: . --------------------------------------------------------------------- .
        00812: .                  Total Area           5.5(1)       4.2   0.0      9.7 .
               .                                                                       .
               .........................................................................


        01677:     Building RTL structures, pass 3
        02917:   Preparing method HammingMatch::i_train_gen_do_reg_vld for
        02917.     final RTL output
        01006:     States: 2
        01677:     Building RTL structures, pass 1
        01677:     Building RTL structures, pass 2

               .........................................................................
               .                                                                       .
        00802: . Allocation Report for method "i_train_gen_do_reg_vld":                .
        00805: .                                           Area/Instance               .
        00805: .                                     ------------------------    Total .
        00805: .                    Resource  Count    Seq(#FF)    Comb    BB     Area .
        00805: . ---------------------------  -----  ----------  ------  ----  ------- .
        00807: . HammingMatch_N_Muxb_1_2_9_4      1                 2.4            2.4 .
        00810: .              implicit muxes                                       2.9 .
        00808: .                   registers      1                                    .
        00809: .               register bits      1    5.5(1)       0.0            5.5 .
        00811: . --------------------------------------------------------------------- .
        00812: .                  Total Area           5.5(1)       5.3   0.0     10.7 .
               .                                                                       .
               .........................................................................


        01677:     Building RTL structures, pass 3
        02917:   Preparing method HammingMatch::i_query_gen_unvalidated_req for
        02917.     final RTL output
        01006:     States: 2
        01677:     Building RTL structures, pass 1
        01677:     Building RTL structures, pass 2

               .........................................................................
               .                                                                       .
        00802: . Allocation Report for method "i_query_gen_unvalidated_req":           .
        00805: .                                           Area/Instance               .
        00805: .                                     ------------------------    Total .
        00805: .                    Resource  Count    Seq(#FF)    Comb    BB     Area .
        00805: . ---------------------------  -----  ----------  ------  ----  ------- .
        00807: . HammingMatch_N_Muxb_1_2_9_4      1                 2.4            2.4 .
        00810: .              implicit muxes                                       2.9 .
        00808: .                   registers      1                                    .
        00809: .               register bits      1    5.5(1)       0.0            5.5 .
        00811: . --------------------------------------------------------------------- .
        00812: .                  Total Area           5.5(1)       5.3   0.0     10.7 .
               .                                                                       .
               .........................................................................


        01677:     Building RTL structures, pass 3
        02917:   Preparing method HammingMatch::i_query_gen_do_stall_reg_full
        02917.     for final RTL output
        01006:     States: 2
        01677:     Building RTL structures, pass 1
        01677:     Building RTL structures, pass 2

               .........................................................................
               .                                                                       .
        00802: . Allocation Report for method "i_query_gen_do_stall_reg_full":         .
        00805: .                                           Area/Instance               .
        00805: .                                     ------------------------    Total .
        00805: .                    Resource  Count    Seq(#FF)    Comb    BB     Area .
        00805: . ---------------------------  -----  ----------  ------  ----  ------- .
        00807: . HammingMatch_And_1Ux1U_1U_4      1                 1.4            1.4 .
        00810: .              implicit muxes                                       2.9 .
        00808: .                   registers      1                                    .
        00809: .               register bits      1    5.5(1)       0.0            5.5 .
        00811: . --------------------------------------------------------------------- .
        00812: .                  Total Area           5.5(1)       4.2   0.0      9.7 .
               .                                                                       .
               .........................................................................


        01677:     Building RTL structures, pass 3
        02917:   Preparing thread HammingMatch::do_match for final RTL output
        01006:     States: 19
        01677:     Building RTL structures, pass 1
        01677:     Building RTL structures, pass 2

               ..................................................................................
               .                                                                                .
        00802: . Allocation Report for thread "do_match":                                       .
        00805: .                                                   Area/Instance                .
        00805: .                                             -------------------------    Total .
        00805: .                            Resource  Count     Seq(#FF)    Comb    BB     Area .
        00805: . -----------------------------------  -----  -----------  ------  ----  ------- .
        00807: .         HammingMatch_N_Mux_32_2_0_4      8                 76.6          612.9 .
        00807: .         HammingMatch_N_Mux_32_8_1_4      1                333.8          333.8 .
        00807: . HammingMatch_RightShift_32Ux5U_1U_4      2                 66.7          133.4 .
        00807: .       HammingMatch_Equal_4Ux4U_1U_4      8                 12.0           95.8 .
        00807: .      HammingMatch_Xor_32Ux32U_32U_4      1                 87.6           87.6 .
        00807: .          HammingMatch_N_Mux_2_2_2_4     16                  4.8           76.6 .
        00807: .       HammingMatch_Equal_3Ux3U_1U_4      8                  9.2           73.9 .
        00807: .          HammingMatch_N_Mux_2_8_3_4      2                 33.9           67.7 .
        00807: .    HammingMatch_LessThan_5Sx5S_1U_4      3                 21.5           64.6 .
        00807: .          HammingMatch_N_Mux_3_2_4_4      8                  7.2           57.5 .
        00807: .         HammingMatch_Add_9Ux6U_9U_4      1                 56.1           56.1 .
        00807: .         HammingMatch_Add_4Ux4U_5U_4      2                 25.3           50.6 .
        00807: .  HammingMatch_LessThan_10Sx10S_1U_4      1                 43.1           43.1 .
        00807: .          HammingMatch_N_Mux_3_4_5_4      2                 20.2           40.4 .
        00807: .       HammingMatch_Equal_4Ux3U_1U_4      4                  9.9           39.7 .
        00807: .          HammingMatch_N_Mux_4_2_6_4      4                  9.6           38.3 .
        00807: .    HammingMatch_LessThan_9Ux9U_1U_4      1                 34.2           34.2 .
        00807: .         HammingMatch_Add_3Ux1U_4U_4      3                 11.3           33.9 .
        00807: .         HammingMatch_Add_8Ux1U_9U_4      1                 32.5           32.5 .
        00807: .         HammingMatch_Add_5Ux5U_6U_4      1                 30.4           30.4 .
        00807: .       HammingMatch_Equal_3Ux2U_1U_4      4                  6.8           27.4 .
        00807: .    HammingMatch_LessThan_6Sx6S_1U_4      1                 25.6           25.6 .
        00807: .          HammingMatch_N_Mux_9_2_7_4      1                 21.5           21.5 .
        00807: .          HammingMatch_N_Mux_8_2_8_4      1                 19.2           19.2 .
        00807: .    HammingMatch_LessThan_4Sx4S_1U_4      1                 18.1           18.1 .
        00807: .         HammingMatch_Add_4Ux1U_5U_4      1                 15.7           15.7 .
        00807: .       HammingMatch_Equal_4Ux2U_1U_4      2                  7.2           14.4 .
        00807: .         HammingMatch_Add_3Ux3U_4U_4      1                 14.0           14.0 .
        00807: .       HammingMatch_Equal_2Ux2U_1U_4      2                  6.2           12.3 .
        00807: .       HammingMatch_Equal_3Ux1U_1U_4      2                  4.4            8.9 .
        00807: .         HammingMatch_Add_2Ux2U_3U_4      1                  8.9            8.9 .
        00807: .         HammingMatch_Add_2Ux1U_3U_4      1                  7.5            7.5 .
        00807: .       HammingMatch_Equal_4Ux1U_1U_4      1                  4.4            4.4 .
        00807: .    HammingMatch_OrReduction_3U_1U_4      2                  2.1            4.1 .
        00807: .         HammingMatch_Add_1Ux1U_2U_4      1                  3.8            3.8 .
        00807: .       HammingMatch_Equal_2Ux1U_1U_4      1                  3.8            3.8 .
        00807: .    HammingMatch_OrReduction_4U_1U_4      1                  2.1            2.1 .
        00807: .    HammingMatch_OrReduction_2U_1U_4      1                  1.4            1.4 .
        00810: .                      implicit muxes                                     2577.0 .
        00808: .                           registers     48                                     .
        00809: .                       register bits    459     5.5(1)       0.0         2511.6 .
        00811: . ------------------------------------------------------------------------------ .
        00812: .                          Total Area         2511.6(459)  4792.8   0.0   7304.5 .
               .                                                                                .
               ..................................................................................


        01677:     Building RTL structures, pass 3
        02917:   Preparing method HammingMatch::o_best_idx_gen_stalling for
        02917.     final RTL output
        01006:     States: 2
        01677:     Building RTL structures, pass 1
        01677:     Building RTL structures, pass 2

               .........................................................................
               .                                                                       .
        00802: . Allocation Report for method "o_best_idx_gen_stalling":               .
        00805: .                                           Area/Instance               .
        00805: .                                     ------------------------    Total .
        00805: .                    Resource  Count    Seq(#FF)    Comb    BB     Area .
        00805: . ---------------------------  -----  ----------  ------  ----  ------- .
        00807: . HammingMatch_And_1Ux1U_1U_4      1                 1.4            1.4 .
        00810: .              implicit muxes                                       0.0 .
        00808: .                   registers      0                                    .
        00809: .               register bits      0    5.5(1)       0.0            0.0 .
        00811: . --------------------------------------------------------------------- .
        00812: .                  Total Area           0.0(0)       1.4   0.0      1.4 .
               .                                                                       .
               .........................................................................


        01677:     Building RTL structures, pass 3
        02917:   Preparing method HammingMatch::o_best_idx_gen_unacked_req for
        02917.     final RTL output
        01006:     States: 2
        01677:     Building RTL structures, pass 1
        01677:     Building RTL structures, pass 2

               ............................................................
               .                                                          .
        00802: . Allocation Report for method "o_best_idx_gen_unacked_req": .
        00805: .                              Area/Instance               .
        00805: .                        ------------------------    Total .
        00805: .       Resource  Count    Seq(#FF)    Comb    BB     Area .
        00805: . --------------  -----  ----------  ------  ----  ------- .
        00810: . implicit muxes                                       2.9 .
        00808: .      registers      1                                    .
        00809: .  register bits      1    5.5(1)       0.0            5.5 .
        00811: . -------------------------------------------------------- .
        00812: .     Total Area           5.5(1)       2.9   0.0      8.3 .
               .                                                          .
               ............................................................


        01677:     Building RTL structures, pass 3
        02917:   Preparing method HammingMatch::o_min_dist_gen_stalling for
        02917.     final RTL output
        01006:     States: 2
        01677:     Building RTL structures, pass 1
        01677:     Building RTL structures, pass 2

               .........................................................................
               .                                                                       .
        00802: . Allocation Report for method "o_min_dist_gen_stalling":               .
        00805: .                                           Area/Instance               .
        00805: .                                     ------------------------    Total .
        00805: .                    Resource  Count    Seq(#FF)    Comb    BB     Area .
        00805: . ---------------------------  -----  ----------  ------  ----  ------- .
        00807: . HammingMatch_And_1Ux1U_1U_4      1                 1.4            1.4 .
        00810: .              implicit muxes                                       0.0 .
        00808: .                   registers      0                                    .
        00809: .               register bits      0    5.5(1)       0.0            0.0 .
        00811: . --------------------------------------------------------------------- .
        00812: .                  Total Area           0.0(0)       1.4   0.0      1.4 .
               .                                                                       .
               .........................................................................


        01677:     Building RTL structures, pass 3
        02917:   Preparing method HammingMatch::o_min_dist_gen_unacked_req for
        02917.     final RTL output
        01006:     States: 2
        01677:     Building RTL structures, pass 1
        01677:     Building RTL structures, pass 2

               ............................................................
               .                                                          .
        00802: . Allocation Report for method "o_min_dist_gen_unacked_req": .
        00805: .                              Area/Instance               .
        00805: .                        ------------------------    Total .
        00805: .       Resource  Count    Seq(#FF)    Comb    BB     Area .
        00805: . --------------  -----  ----------  ------  ----  ------- .
        00810: . implicit muxes                                       2.9 .
        00808: .      registers      1                                    .
        00809: .  register bits      1    5.5(1)       0.0            5.5 .
        00811: . -------------------------------------------------------- .
        00812: .     Total Area           5.5(1)       2.9   0.0      8.3 .
               .                                                          .
               ............................................................


        01677:     Building RTL structures, pass 3
        02917:   Preparing method HammingMatch::i_query_gen_do_reg_vld for
        02917.     final RTL output
        01006:     States: 2
        01677:     Building RTL structures, pass 1
        01677:     Building RTL structures, pass 2

               .........................................................................
               .                                                                       .
        00802: . Allocation Report for method "i_query_gen_do_reg_vld":                .
        00805: .                                           Area/Instance               .
        00805: .                                     ------------------------    Total .
        00805: .                    Resource  Count    Seq(#FF)    Comb    BB     Area .
        00805: . ---------------------------  -----  ----------  ------  ----  ------- .
        00807: . HammingMatch_N_Muxb_1_2_9_4      1                 2.4            2.4 .
        00810: .              implicit muxes                                       2.9 .
        00808: .                   registers      1                                    .
        00809: .               register bits      1    5.5(1)       0.0            5.5 .
        00811: . --------------------------------------------------------------------- .
        00812: .                  Total Area           5.5(1)       5.3   0.0     10.7 .
               .                                                                       .
               .........................................................................


        01677:     Building RTL structures, pass 3
        02917:   Preparing method HammingMatch::i_train_gen_busy for final RTL
        02917.     output
        01006:     States: 2
        01677:     Building RTL structures, pass 1
        01677:     Building RTL structures, pass 2

               .......................................................................
               .                                                                     .
        00802: . Allocation Report for method "i_train_gen_busy":                    .
        00805: .                                         Area/Instance               .
        00805: .                                   ------------------------    Total .
        00805: .                  Resource  Count    Seq(#FF)    Comb    BB     Area .
        00805: . -------------------------  -----  ----------  ------  ----  ------- .
        00807: . HammingMatch_gen_busy_r_4      1                 4.1            4.1 .
        00810: .            implicit muxes                                       0.0 .
        00808: .                 registers      0                                    .
        00809: .             register bits      0    5.5(1)       0.0            0.0 .
        00811: . ------------------------------------------------------------------- .
        00812: .                Total Area           0.0(0)       4.1   0.0      4.1 .
               .                                                                     .
               .......................................................................


        01677:     Building RTL structures, pass 3
        02917:   Preparing method HammingMatch::i_query_gen_busy for final RTL
        02917.     output
        01006:     States: 2
        01677:     Building RTL structures, pass 1
        01677:     Building RTL structures, pass 2

               .......................................................................
               .                                                                     .
        00802: . Allocation Report for method "i_query_gen_busy":                    .
        00805: .                                         Area/Instance               .
        00805: .                                   ------------------------    Total .
        00805: .                  Resource  Count    Seq(#FF)    Comb    BB     Area .
        00805: . -------------------------  -----  ----------  ------  ----  ------- .
        00807: . HammingMatch_gen_busy_r_4      1                 4.1            4.1 .
        00810: .            implicit muxes                                       0.0 .
        00808: .                 registers      0                                    .
        00809: .             register bits      0    5.5(1)       0.0            0.0 .
        00811: . ------------------------------------------------------------------- .
        00812: .                Total Area           0.0(0)       4.1   0.0      4.1 .
               .                                                                     .
               .......................................................................


        01677:     Building RTL structures, pass 3
        00971:   Cleaning up
        00144:     Global optimizations............................................................
        00144:     Global optimizations........................................
        02788:       Using cached results for HammingMatch_Add_5U_10_4
        02790:         Area =    14.71  Latency = 0  Delay =    0.240ns
        00205:         Logic levels = 3

               +--------------------------------------------------------------------------------+
               |                                                                                |
        00803: | Allocation Report for all threads:                                             |
        00805: |                                                   Area/Instance                |
        00805: |                                             -------------------------    Total |
        00805: |                            Resource  Count     Seq(#FF)    Comb    BB     Area |
        00805: | -----------------------------------  -----  -----------  ------  ----  ------- |
        00807: |         HammingMatch_N_Mux_32_2_0_4      8                 76.6          612.9 |
        00807: |         HammingMatch_N_Mux_32_8_1_4      1                333.8          333.8 |
        00807: |                        mux_32bx2i0c      2                 99.3          198.7 |
        00807: |                         mux_3bx2i1c     18                  8.1          146.7 |
        00807: |                         mux_2bx2i0c     22                  6.2          136.6 |
        00807: | HammingMatch_RightShift_32Ux5U_1U_4      2                 66.7          133.4 |
        00807: |       HammingMatch_Equal_4Ux4U_1U_4      8                 12.0           95.8 |
        00807: |                         mux_2bx2i1c     17                  5.4           92.4 |
        00807: |      HammingMatch_Xor_32Ux32U_32U_4      1                 87.6           87.6 |
        00807: |          HammingMatch_N_Mux_2_2_2_4     16                  4.8           76.6 |
        00807: |       HammingMatch_Equal_3Ux3U_1U_4      8                  9.2           73.9 |
        00807: |          HammingMatch_N_Mux_2_8_3_4      2                 33.9           67.7 |
        00807: |                         mux_4bx2i1c      6                 10.9           65.2 |
        00807: |    HammingMatch_LessThan_5Sx5S_1U_4      3                 21.5           64.6 |
        00807: |          HammingMatch_N_Mux_3_2_4_4      8                  7.2           57.5 |
        00807: |         HammingMatch_Add_9Ux6U_9U_4      1                 56.1           56.1 |
        00807: |         HammingMatch_Add_4Ux4U_5U_4      2                 25.3           50.6 |
        00807: |                         mux_9bx2i1c      2                 24.4           48.9 |
        00807: |                         mux_4bx3i0c      3                 14.8           44.4 |
        00807: |                         mux_8bx2i1c      2                 21.7           43.5 |
        00807: |  HammingMatch_LessThan_10Sx10S_1U_4      1                 43.1           43.1 |
        00807: |          HammingMatch_N_Mux_3_4_5_4      2                 20.2           40.4 |
        00807: |       HammingMatch_Equal_4Ux3U_1U_4      4                  9.9           39.7 |
        00807: |          HammingMatch_N_Mux_4_2_6_4      4                  9.6           38.3 |
        00807: |                         mux_5bx8i7c      1                 36.4           36.4 |
        00807: |    HammingMatch_LessThan_9Ux9U_1U_4      1                 34.2           34.2 |
        00807: |         HammingMatch_Add_3Ux1U_4U_4      3                 11.3           33.9 |
        00807: |         HammingMatch_Add_8Ux1U_9U_4      1                 32.5           32.5 |
        00807: |         HammingMatch_Add_5Ux5U_6U_4      1                 30.4           30.4 |
        00807: |                         mux_9bx2i0c      1                 27.9           27.9 |
        00807: |                         mux_6bx4i0c      1                 27.9           27.9 |
        00807: |       HammingMatch_Equal_3Ux2U_1U_4      4                  6.8           27.4 |
        00807: |    HammingMatch_LessThan_6Sx6S_1U_4      1                 25.6           25.6 |
        00807: |                         mux_8bx3i1c      1                 25.2           25.2 |
        00807: |                         mux_5bx4i1c      1                 22.2           22.2 |
        00807: |          HammingMatch_N_Mux_9_2_7_4      1                 21.5           21.5 |
        00807: |                         mux_1bx2i2c      9                  2.3           21.0 |
        00807: |          HammingMatch_N_Mux_8_2_8_4      1                 19.2           19.2 |
        00807: |    HammingMatch_LessThan_4Sx4S_1U_4      1                 18.1           18.1 |
        00807: |         HammingMatch_Add_4Ux1U_5U_4      1                 15.7           15.7 |
        00807: |       HammingMatch_Equal_4Ux2U_1U_4      2                  7.2           14.4 |
        00807: |         HammingMatch_Add_3Ux3U_4U_4      1                 14.0           14.0 |
        00807: |                         mux_4bx3i1c      1                 13.6           13.6 |
        00807: |       HammingMatch_Equal_2Ux2U_1U_4      2                  6.2           12.3 |
        00807: |                         mux_2bx3i3c      2                  5.5           11.1 |
        00807: |                         mux_3bx3i1c      1                 10.2           10.2 |
        00807: |         HammingMatch_Xor_1Ux1U_1U_1      2                  4.4            8.9 |
        00807: |       HammingMatch_Equal_3Ux1U_1U_4      2                  4.4            8.9 |
        00807: |         HammingMatch_Add_2Ux2U_3U_4      1                  8.9            8.9 |
        00807: |            HammingMatch_Not_1U_1U_1      2                  4.1            8.2 |
        00807: |           HammingMatch_gen_busy_r_4      2                  4.1            8.2 |
        00807: |         HammingMatch_Add_2Ux1U_3U_4      1                  7.5            7.5 |
        00807: |                         mux_1bx5i1c      1                  6.6            6.6 |
        00807: |         HammingMatch_N_Muxb_1_2_9_4      2                  2.4            4.8 |
        00807: |       HammingMatch_Equal_4Ux1U_1U_4      1                  4.4            4.4 |
        00807: |    HammingMatch_OrReduction_3U_1U_4      2                  2.1            4.1 |
        00807: |         HammingMatch_Add_1Ux1U_2U_4      1                  3.8            3.8 |
        00807: |       HammingMatch_Equal_2Ux1U_1U_4      1                  3.8            3.8 |
        00807: |                         mux_1bx2i0c      1                  3.1            3.1 |
        00807: |         HammingMatch_And_1Ux1U_1U_4      2                  1.4            2.7 |
        00807: |          HammingMatch_Or_1Ux1U_1U_4      2                  1.4            2.7 |
        00807: |    HammingMatch_OrReduction_4U_1U_4      1                  2.1            2.1 |
        00807: |    HammingMatch_OrReduction_2U_1U_4      1                  1.4            1.4 |
        00808: |                           registers     64                                     |
        01442: |                   Reg bits by type:                                            |
        01442. |                      EN SS SC AS AC                                            |
        00809: |                       0  0  1  0  0      4     5.5(1)       1.4                |
        00809: |                       0  1  0  0  0      2     5.5(1)       1.4                |
        00809: |                       1  0  0  0  0    185     7.5(1)       0.0                |
        00809: |                       1  0  1  0  0    283     7.5(1)       1.4                |
        00809: |                       1  1  0  0  0      2     7.5(1)       1.4                |
        00809: |                   all register bits    476     7.5(1)       0.8         3967.2 |
        02604: |                     estimated cntrl      1                 82.0           82.0 |
        00811: | ------------------------------------------------------------------------------ |
        00812: |                          Total Area         3569.1(476)  3712.8   0.0   7281.9 |
               |                                                                                |
               +--------------------------------------------------------------------------------+



        00195: Writing RTL files:
        01766:   bdw_work/modules/HammingMatch/BASIC/HammingMatch_rtl.h
        01767:   bdw_work/modules/HammingMatch/BASIC/HammingMatch_rtl.cpp
        01768:   bdw_work/modules/HammingMatch/BASIC/HammingMatch_rtl.v

        01445: Summary of messages of severity WARNING or greater:
        01193:   SEVERITY MSGID CNT
        01198:    WARNING 00408   1
        01198:    WARNING 00847   7
        01198:    WARNING 01120   1
        01198:    WARNING 01133   1
        01198:    WARNING 02588   2

stratus_hls succeeded with 0 errors and 12 warnings.

End at Sun Jun  7 10:48:44 2026

